NRun,Run_Name,Species_Num,Species_txt,Initial_W,fit.to,fit.to.value,First_day,Last_day,N_indiv,Oxycal,calc.pop_mort,calc.spawn,calc.nut,calc.contaminant,Init_pred_conc,contam_eq,T_File,Diet_File,Prey_E_File,Indigest_Prey_File,Pred_E_File,Mort_File,Reprod_File,Contam_Prey_C_File,Contam_assim_File,Contam_TE_File,Phos_Ae_File,Phos_Co_Pred_File,Phos_Co_Prey_File,Nit_Ae_File,Nit_Co_Pred_File,Nit_Co_Prey_File,FB4_Log_File,Save_Daily_Output,Daily_Output_File
1,Low Kusk yoyDV test 1,19,Bull trout,0.225865,Weight,2.14,32,153,1,13560,FALSE,FALSE,FALSE,FALSE,NA,NA,Main Inputs/Temperature_Salmon_2015raw.csv,Main Inputs/Diet_prop_yoyDV.csv,Main Inputs/Prey_E_jDV.csv,Main Inputs/Indigestible_Prey_jDV.csv,Main Inputs/Pred_E_jDV.csv,NA,NA,NA,NA,NA,NA,NA,NA,NA,NA,NA,FB4_Log_File_Test_Aniak_yoyDVcons_bull,TRUE,Daily_Output_Aniak_yoyDVcons_bull
2,Low Kusk yoyDV test 2,19,Bull trout,0.225865,Weight,2.14,32,153,1,13560,FALSE,FALSE,FALSE,FALSE,NA,NA,Main Inputs/Temperature_Aniak2019raw.csv,Main Inputs/Diet_prop_yoyDV.csv,Main Inputs/Prey_E_jDV.csv,Main Inputs/Indigestible_Prey_jDV.csv,Main Inputs/Pred_E_jDV.csv,NA,NA,NA,NA,NA,NA,NA,NA,NA,NA,NA,FB4_Log_File_Test_Aniak_yoyDVcons_bull,TRUE,Daily_Output_Aniak_yoyDVcons_bull
3,Low Kusk yoyDV test 3,19,Bull trout,0.225865,Weight,2.14,32,153,1,13560,FALSE,FALSE,FALSE,FALSE,NA,NA,Main Inputs/Temperature_Aniak2020raw.csv,Main Inputs/Diet_prop_yoyDV.csv,Main Inputs/Prey_E_jDV.csv,Main Inputs/Indigestible_Prey_jDV.csv,Main Inputs/Pred_E_jDV.csv,NA,NA,NA,NA,NA,NA,NA,NA,NA,NA,NA,FB4_Log_File_Test_Aniak_yoyDVcons_bull,TRUE,Daily_Output_Aniak_yoyDVcons_bull
4,Low Kusk yoyDV test 4,19,Bull trout,0.225865,Weight,2.14,32,153,1,13560,FALSE,FALSE,FALSE,FALSE,NA,NA,Main Inputs/Temperature_Kwethluk_2016raw.csv,Main Inputs/Diet_prop_yoyDV.csv,Main Inputs/Prey_E_jDV.csv,Main Inputs/Indigestible_Prey_jDV.csv,Main Inputs/Pred_E_jDV.csv,NA,NA,NA,NA,NA,NA,NA,NA,NA,NA,NA,FB4_Log_File_Test_Aniak_yoyDVcons_bull,TRUE,Daily_Output_Aniak_yoyDVcons_bull
5,Low Kusk yoyDV test 5,19,Bull trout,0.225865,Weight,2.14,32,153,1,13560,FALSE,FALSE,FALSE,FALSE,NA,NA,Main Inputs/Temperature_Kwethluk_2017raw.csv,Main Inputs/Diet_prop_yoyDV.csv,Main Inputs/Prey_E_jDV.csv,Main Inputs/Indigestible_Prey_jDV.csv,Main Inputs/Pred_E_jDV.csv,NA,NA,NA,NA,NA,NA,NA,NA,NA,NA,NA,FB4_Log_File_Test_Aniak_yoyDVcons_bull,TRUE,Daily_Output_Aniak_yoyDVcons_bull
6,Low Kusk yoyDV test 6,19,Bull trout,0.225865,Weight,2.14,32,153,1,13560,FALSE,FALSE,FALSE,FALSE,NA,NA,Main Inputs/Temperature_Kwethluk_2018raw.csv,Main Inputs/Diet_prop_yoyDV.csv,Main Inputs/Prey_E_jDV.csv,Main Inputs/Indigestible_Prey_jDV.csv,Main Inputs/Pred_E_jDV.csv,NA,NA,NA,NA,NA,NA,NA,NA,NA,NA,NA,FB4_Log_File_Test_Aniak_yoyDVcons_bull,TRUE,Daily_Output_Aniak_yoyDVcons_bull
7,Low Kusk yoyDV test 7,19,Bull trout,0.225865,Weight,2.14,32,153,1,13560,FALSE,FALSE,FALSE,FALSE,NA,NA,Main Inputs/Temperature_Tuluksak_2016raw.csv,Main Inputs/Diet_prop_yoyDV.csv,Main Inputs/Prey_E_jDV.csv,Main Inputs/Indigestible_Prey_jDV.csv,Main Inputs/Pred_E_jDV.csv,NA,NA,NA,NA,NA,NA,NA,NA,NA,NA,NA,FB4_Log_File_Test_Aniak_yoyDVcons_bull,TRUE,Daily_Output_Aniak_yoyDVcons_bull
8,Low Kusk yoyDV test 8,19,Bull trout,0.225865,Weight,2.14,32,153,1,13560,FALSE,FALSE,FALSE,FALSE,NA,NA,Main Inputs/Temperature_Tuluksak_2017raw.csv,Main Inputs/Diet_prop_yoyDV.csv,Main Inputs/Prey_E_jDV.csv,Main Inputs/Indigestible_Prey_jDV.csv,Main Inputs/Pred_E_jDV.csv,NA,NA,NA,NA,NA,NA,NA,NA,NA,NA,NA,FB4_Log_File_Test_Aniak_yoyDVcons_bull,TRUE,Daily_Output_Aniak_yoyDVcons_bull
