NRun,Run_Name,Species_Num,Species_txt,Initial_W,fit.to,fit.to.value,First_day,Last_day,N_indiv,Oxycal,calc.pop_mort,calc.spawn,calc.nut,calc.contaminant,Init_pred_conc,contam_eq,T_File,Diet_File,Prey_E_File,Indigest_Prey_File,Pred_E_File,Mort_File,Reprod_File,Contam_Prey_C_File,Contam_assim_File,Contam_TE_File,Phos_Ae_File,Phos_Co_Pred_File,Phos_Co_Prey_File,Nit_Ae_File,Nit_Co_Pred_File,Nit_Co_Prey_File,FB4_Log_File,Save_Daily_Output,Daily_Output_File
1,Andreafsky yoyDV test 1,41,Lake trout,0.225865,Weight,2.14,32,153,1,13560,FALSE,FALSE,FALSE,FALSE,NA,NA,Main Inputs/Temperature_FWSAndreafsky2010.csv,Main Inputs/Diet_prop_yoyDV.csv,Main Inputs/Prey_E_jDV.csv,Main Inputs/Indigestible_Prey_jDV.csv,Main Inputs/Pred_E_jDV.csv,NA,NA,NA,NA,NA,NA,NA,NA,NA,NA,NA,FB4_Log_File_Test_Kenai1,TRUE,Daily_Output_AndreafskyyoyDVcons
3,Andreafsky yoyDV test 2,41,Lake trout,0.225865,Weight,2.14,32,153,1,13560,FALSE,FALSE,FALSE,FALSE,NA,NA,Main Inputs/Temperature_FWSAndreafsky2013.csv,Main Inputs/Diet_prop_yoyDV.csv,Main Inputs/Prey_E_jDV.csv,Main Inputs/Indigestible_Prey_jDV.csv,Main Inputs/Pred_E_jDV.csv,NA,NA,NA,NA,NA,NA,NA,NA,NA,NA,NA,FB4_Log_File_Test_Kenai1,TRUE,Daily_Output_AndreafskyyoyDVcons
4,Andreafsky yoyDV test 3,41,Lake trout,0.225865,Weight,2.14,32,153,1,13560,FALSE,FALSE,FALSE,FALSE,NA,NA,Main Inputs/Temperature_FWSAndreafsky2014.csv,Main Inputs/Diet_prop_yoyDV.csv,Main Inputs/Prey_E_jDV.csv,Main Inputs/Indigestible_Prey_jDV.csv,Main Inputs/Pred_E_jDV.csv,NA,NA,NA,NA,NA,NA,NA,NA,NA,NA,NA,FB4_Log_File_Test_Kenai1,TRUE,Daily_Output_AndreafskyyoyDVcons
5,Andreafsky yoyDV test 4,41,Lake trout,0.225865,Weight,2.14,32,153,1,13560,FALSE,FALSE,FALSE,FALSE,NA,NA,Main Inputs/Temperature_FWSAndreafsky2015.csv,Main Inputs/Diet_prop_yoyDV.csv,Main Inputs/Prey_E_jDV.csv,Main Inputs/Indigestible_Prey_jDV.csv,Main Inputs/Pred_E_jDV.csv,NA,NA,NA,NA,NA,NA,NA,NA,NA,NA,NA,FB4_Log_File_Test_Kenai1,TRUE,Daily_Output_AndreafskyyoyDVcons
6,Andreafsky yoyDV test 5,41,Lake trout,0.225865,Weight,2.14,32,153,1,13560,FALSE,FALSE,FALSE,FALSE,NA,NA,Main Inputs/Temperature_FWSAndreafsky2016.csv,Main Inputs/Diet_prop_yoyDV.csv,Main Inputs/Prey_E_jDV.csv,Main Inputs/Indigestible_Prey_jDV.csv,Main Inputs/Pred_E_jDV.csv,NA,NA,NA,NA,NA,NA,NA,NA,NA,NA,NA,FB4_Log_File_Test_Kenai1,TRUE,Daily_Output_AndreafskyyoyDVcons
