NRun,Run_Name,Species_Num,Species_txt,Initial_W,fit.to,fit.to.value,First_day,Last_day,N_indiv,Oxycal,calc.pop_mort,calc.spawn,calc.nut,calc.contaminant,Init_pred_conc,contam_eq,T_File,Diet_File,Prey_E_File,Indigest_Prey_File,Pred_E_File,Mort_File,Reprod_File,Contam_Prey_C_File,Contam_assim_File,Contam_TE_File,Phos_Ae_File,Phos_Co_Pred_File,Phos_Co_Prey_File,Nit_Ae_File,Nit_Co_Pred_File,Nit_Co_Prey_File,FB4_Log_File,Save_Daily_Output,Daily_Output_File
1,Chena yoyDV 1,41,Lake trout,0.022584515,p-value,0.52,32,124,1,13560,FALSE,FALSE,FALSE,FALSE,NA,NA,Main Inputs/Temperature_Chena_2000.csv,Main Inputs/Diet_prop_yoyDV.csv,Main Inputs/Prey_E_jDV.csv,Main Inputs/Indigestible_Prey_jDV.csv,Main Inputs/Pred_E_jDV.csv,NA,NA,NA,NA,NA,NA,NA,NA,NA,NA,NA,FB4_Log_File_Test_ChenayoyDV,TRUE,Daily_Output_Chena_yoyDV
2,Chena yoyDV 2,41,Lake trout,0.040269263,p-value,0.52,32,124,1,13560,FALSE,FALSE,FALSE,FALSE,NA,NA,Main Inputs/Temperature_Chena_2000.csv,Main Inputs/Diet_prop_yoyDV.csv,Main Inputs/Prey_E_jDV.csv,Main Inputs/Indigestible_Prey_jDV.csv,Main Inputs/Pred_E_jDV.csv,NA,NA,NA,NA,NA,NA,NA,NA,NA,NA,NA,FB4_Log_File_Test_ChenayoyDV,TRUE,Daily_Output_Chena_yoyDV
3,Chena yoyDV 3,41,Lake trout,0.065664236,p-value,0.52,32,124,1,13560,FALSE,FALSE,FALSE,FALSE,NA,NA,Main Inputs/Temperature_Chena_2000.csv,Main Inputs/Diet_prop_yoyDV.csv,Main Inputs/Prey_E_jDV.csv,Main Inputs/Indigestible_Prey_jDV.csv,Main Inputs/Pred_E_jDV.csv,NA,NA,NA,NA,NA,NA,NA,NA,NA,NA,NA,FB4_Log_File_Test_ChenayoyDV,TRUE,Daily_Output_Chena_yoyDV
4,Chena yoyDV 4,41,Lake trout,0.076105148,p-value,0.52,32,124,1,13560,FALSE,FALSE,FALSE,FALSE,NA,NA,Main Inputs/Temperature_Chena_2000.csv,Main Inputs/Diet_prop_yoyDV.csv,Main Inputs/Prey_E_jDV.csv,Main Inputs/Indigestible_Prey_jDV.csv,Main Inputs/Pred_E_jDV.csv,NA,NA,NA,NA,NA,NA,NA,NA,NA,NA,NA,FB4_Log_File_Test_ChenayoyDV,TRUE,Daily_Output_Chena_yoyDV
5,Chena yoyDV 5,41,Lake trout,0.100295015,p-value,0.52,32,124,1,13560,FALSE,FALSE,FALSE,FALSE,NA,NA,Main Inputs/Temperature_Chena_2000.csv,Main Inputs/Diet_prop_yoyDV.csv,Main Inputs/Prey_E_jDV.csv,Main Inputs/Indigestible_Prey_jDV.csv,Main Inputs/Pred_E_jDV.csv,NA,NA,NA,NA,NA,NA,NA,NA,NA,NA,NA,FB4_Log_File_Test_ChenayoyDV,TRUE,Daily_Output_Chena_yoyDV
6,Chena yoyDV 6,41,Lake trout,0.114160273,p-value,0.52,32,124,1,13560,FALSE,FALSE,FALSE,FALSE,NA,NA,Main Inputs/Temperature_Chena_2000.csv,Main Inputs/Diet_prop_yoyDV.csv,Main Inputs/Prey_E_jDV.csv,Main Inputs/Indigestible_Prey_jDV.csv,Main Inputs/Pred_E_jDV.csv,NA,NA,NA,NA,NA,NA,NA,NA,NA,NA,NA,FB4_Log_File_Test_ChenayoyDV,TRUE,Daily_Output_Chena_yoyDV
7,Chena yoyDV 7,41,Lake trout,0.129283991,p-value,0.52,32,124,1,13560,FALSE,FALSE,FALSE,FALSE,NA,NA,Main Inputs/Temperature_Chena_2000.csv,Main Inputs/Diet_prop_yoyDV.csv,Main Inputs/Prey_E_jDV.csv,Main Inputs/Indigestible_Prey_jDV.csv,Main Inputs/Pred_E_jDV.csv,NA,NA,NA,NA,NA,NA,NA,NA,NA,NA,NA,FB4_Log_File_Test_ChenayoyDV,TRUE,Daily_Output_Chena_yoyDV
8,Chena yoyDV 8,41,Lake trout,0.145725365,p-value,0.52,32,124,1,13560,FALSE,FALSE,FALSE,FALSE,NA,NA,Main Inputs/Temperature_Chena_2000.csv,Main Inputs/Diet_prop_yoyDV.csv,Main Inputs/Prey_E_jDV.csv,Main Inputs/Indigestible_Prey_jDV.csv,Main Inputs/Pred_E_jDV.csv,NA,NA,NA,NA,NA,NA,NA,NA,NA,NA,NA,FB4_Log_File_Test_ChenayoyDV,TRUE,Daily_Output_Chena_yoyDV
9,Chena yoyDV 9,41,Lake trout,0.163543981,p-value,0.52,32,124,1,13560,FALSE,FALSE,FALSE,FALSE,NA,NA,Main Inputs/Temperature_Chena_2000.csv,Main Inputs/Diet_prop_yoyDV.csv,Main Inputs/Prey_E_jDV.csv,Main Inputs/Indigestible_Prey_jDV.csv,Main Inputs/Pred_E_jDV.csv,NA,NA,NA,NA,NA,NA,NA,NA,NA,NA,NA,FB4_Log_File_Test_ChenayoyDV,TRUE,Daily_Output_Chena_yoyDV
10,Chena yoyDV 10,41,Lake trout,0.18279981,p-value,0.52,32,124,1,13560,FALSE,FALSE,FALSE,FALSE,NA,NA,Main Inputs/Temperature_Chena_2000.csv,Main Inputs/Diet_prop_yoyDV.csv,Main Inputs/Prey_E_jDV.csv,Main Inputs/Indigestible_Prey_jDV.csv,Main Inputs/Pred_E_jDV.csv,NA,NA,NA,NA,NA,NA,NA,NA,NA,NA,NA,FB4_Log_File_Test_ChenayoyDV,TRUE,Daily_Output_Chena_yoyDV
11,Chena yoyDV 11,41,Lake trout,0.203553189,p-value,0.52,32,124,1,13560,FALSE,FALSE,FALSE,FALSE,NA,NA,Main Inputs/Temperature_Chena_2000.csv,Main Inputs/Diet_prop_yoyDV.csv,Main Inputs/Prey_E_jDV.csv,Main Inputs/Indigestible_Prey_jDV.csv,Main Inputs/Pred_E_jDV.csv,NA,NA,NA,NA,NA,NA,NA,NA,NA,NA,NA,FB4_Log_File_Test_ChenayoyDV,TRUE,Daily_Output_Chena_yoyDV
12,Chena yoyDV 12,41,Lake trout,0.225864816,p-value,0.52,32,124,1,13560,FALSE,FALSE,FALSE,FALSE,NA,NA,Main Inputs/Temperature_Chena_2000.csv,Main Inputs/Diet_prop_yoyDV.csv,Main Inputs/Prey_E_jDV.csv,Main Inputs/Indigestible_Prey_jDV.csv,Main Inputs/Pred_E_jDV.csv,NA,NA,NA,NA,NA,NA,NA,NA,NA,NA,NA,FB4_Log_File_Test_ChenayoyDV,TRUE,Daily_Output_Chena_yoyDV
13,Chena yoyDV 13,41,Lake trout,0.249795737,p-value,0.52,32,124,1,13560,FALSE,FALSE,FALSE,FALSE,NA,NA,Main Inputs/Temperature_Chena_2000.csv,Main Inputs/Diet_prop_yoyDV.csv,Main Inputs/Prey_E_jDV.csv,Main Inputs/Indigestible_Prey_jDV.csv,Main Inputs/Pred_E_jDV.csv,NA,NA,NA,NA,NA,NA,NA,NA,NA,NA,NA,FB4_Log_File_Test_ChenayoyDV,TRUE,Daily_Output_Chena_yoyDV
14,Chena yoyDV 14,41,Lake trout,0.302761338,p-value,0.52,32,124,1,13560,FALSE,FALSE,FALSE,FALSE,NA,NA,Main Inputs/Temperature_Chena_2000.csv,Main Inputs/Diet_prop_yoyDV.csv,Main Inputs/Prey_E_jDV.csv,Main Inputs/Indigestible_Prey_jDV.csv,Main Inputs/Pred_E_jDV.csv,NA,NA,NA,NA,NA,NA,NA,NA,NA,NA,NA,FB4_Log_File_Test_ChenayoyDV,TRUE,Daily_Output_Chena_yoyDV
15,Chena yoyDV 15,41,Lake trout,0.331919775,p-value,0.52,32,124,1,13560,FALSE,FALSE,FALSE,FALSE,NA,NA,Main Inputs/Temperature_Chena_2000.csv,Main Inputs/Diet_prop_yoyDV.csv,Main Inputs/Prey_E_jDV.csv,Main Inputs/Indigestible_Prey_jDV.csv,Main Inputs/Pred_E_jDV.csv,NA,NA,NA,NA,NA,NA,NA,NA,NA,NA,NA,FB4_Log_File_Test_ChenayoyDV,TRUE,Daily_Output_Chena_yoyDV
16,Chena yoyDV 16,41,Lake trout,0.362945004,p-value,0.52,32,124,1,13560,FALSE,FALSE,FALSE,FALSE,NA,NA,Main Inputs/Temperature_Chena_2000.csv,Main Inputs/Diet_prop_yoyDV.csv,Main Inputs/Prey_E_jDV.csv,Main Inputs/Indigestible_Prey_jDV.csv,Main Inputs/Pred_E_jDV.csv,NA,NA,NA,NA,NA,NA,NA,NA,NA,NA,NA,FB4_Log_File_Test_ChenayoyDV,TRUE,Daily_Output_Chena_yoyDV
17,Chena yoyDV 17,41,Lake trout,0.430846787,p-value,0.52,32,124,1,13560,FALSE,FALSE,FALSE,FALSE,NA,NA,Main Inputs/Temperature_Chena_2000.csv,Main Inputs/Diet_prop_yoyDV.csv,Main Inputs/Prey_E_jDV.csv,Main Inputs/Indigestible_Prey_jDV.csv,Main Inputs/Pred_E_jDV.csv,NA,NA,NA,NA,NA,NA,NA,NA,NA,NA,NA,FB4_Log_File_Test_ChenayoyDV,TRUE,Daily_Output_Chena_yoyDV
18,Chena yoyDV 18,41,Lake trout,0.467849558,p-value,0.52,32,124,1,13560,FALSE,FALSE,FALSE,FALSE,NA,NA,Main Inputs/Temperature_Chena_2000.csv,Main Inputs/Diet_prop_yoyDV.csv,Main Inputs/Prey_E_jDV.csv,Main Inputs/Indigestible_Prey_jDV.csv,Main Inputs/Pred_E_jDV.csv,NA,NA,NA,NA,NA,NA,NA,NA,NA,NA,NA,FB4_Log_File_Test_ChenayoyDV,TRUE,Daily_Output_Chena_yoyDV
19,Chena yoyDV 19,41,Lake trout,0.506971543,p-value,0.52,32,124,1,13560,FALSE,FALSE,FALSE,FALSE,NA,NA,Main Inputs/Temperature_Chena_2000.csv,Main Inputs/Diet_prop_yoyDV.csv,Main Inputs/Prey_E_jDV.csv,Main Inputs/Indigestible_Prey_jDV.csv,Main Inputs/Pred_E_jDV.csv,NA,NA,NA,NA,NA,NA,NA,NA,NA,NA,NA,FB4_Log_File_Test_ChenayoyDV,TRUE,Daily_Output_Chena_yoyDV
20,Chena yoyDV 20,41,Lake trout,0.022584515,p-value,0.52,32,124,1,13560,FALSE,FALSE,FALSE,FALSE,NA,NA,Main Inputs/Temperature_Chena_2005.csv,Main Inputs/Diet_prop_yoyDV.csv,Main Inputs/Prey_E_jDV.csv,Main Inputs/Indigestible_Prey_jDV.csv,Main Inputs/Pred_E_jDV.csv,NA,NA,NA,NA,NA,NA,NA,NA,NA,NA,NA,FB4_Log_File_Test_ChenayoyDV,TRUE,Daily_Output_Chena_yoyDV
21,Chena yoyDV 21,41,Lake trout,0.040269263,p-value,0.52,32,124,1,13560,FALSE,FALSE,FALSE,FALSE,NA,NA,Main Inputs/Temperature_Chena_2005.csv,Main Inputs/Diet_prop_yoyDV.csv,Main Inputs/Prey_E_jDV.csv,Main Inputs/Indigestible_Prey_jDV.csv,Main Inputs/Pred_E_jDV.csv,NA,NA,NA,NA,NA,NA,NA,NA,NA,NA,NA,FB4_Log_File_Test_ChenayoyDV,TRUE,Daily_Output_Chena_yoyDV
22,Chena yoyDV 22,41,Lake trout,0.065664236,p-value,0.52,32,124,1,13560,FALSE,FALSE,FALSE,FALSE,NA,NA,Main Inputs/Temperature_Chena_2005.csv,Main Inputs/Diet_prop_yoyDV.csv,Main Inputs/Prey_E_jDV.csv,Main Inputs/Indigestible_Prey_jDV.csv,Main Inputs/Pred_E_jDV.csv,NA,NA,NA,NA,NA,NA,NA,NA,NA,NA,NA,FB4_Log_File_Test_ChenayoyDV,TRUE,Daily_Output_Chena_yoyDV
23,Chena yoyDV 23,41,Lake trout,0.076105148,p-value,0.52,32,124,1,13560,FALSE,FALSE,FALSE,FALSE,NA,NA,Main Inputs/Temperature_Chena_2005.csv,Main Inputs/Diet_prop_yoyDV.csv,Main Inputs/Prey_E_jDV.csv,Main Inputs/Indigestible_Prey_jDV.csv,Main Inputs/Pred_E_jDV.csv,NA,NA,NA,NA,NA,NA,NA,NA,NA,NA,NA,FB4_Log_File_Test_ChenayoyDV,TRUE,Daily_Output_Chena_yoyDV
24,Chena yoyDV 24,41,Lake trout,0.100295015,p-value,0.52,32,124,1,13560,FALSE,FALSE,FALSE,FALSE,NA,NA,Main Inputs/Temperature_Chena_2005.csv,Main Inputs/Diet_prop_yoyDV.csv,Main Inputs/Prey_E_jDV.csv,Main Inputs/Indigestible_Prey_jDV.csv,Main Inputs/Pred_E_jDV.csv,NA,NA,NA,NA,NA,NA,NA,NA,NA,NA,NA,FB4_Log_File_Test_ChenayoyDV,TRUE,Daily_Output_Chena_yoyDV
25,Chena yoyDV 25,41,Lake trout,0.114160273,p-value,0.52,32,124,1,13560,FALSE,FALSE,FALSE,FALSE,NA,NA,Main Inputs/Temperature_Chena_2005.csv,Main Inputs/Diet_prop_yoyDV.csv,Main Inputs/Prey_E_jDV.csv,Main Inputs/Indigestible_Prey_jDV.csv,Main Inputs/Pred_E_jDV.csv,NA,NA,NA,NA,NA,NA,NA,NA,NA,NA,NA,FB4_Log_File_Test_ChenayoyDV,TRUE,Daily_Output_Chena_yoyDV
26,Chena yoyDV 26,41,Lake trout,0.129283991,p-value,0.52,32,124,1,13560,FALSE,FALSE,FALSE,FALSE,NA,NA,Main Inputs/Temperature_Chena_2005.csv,Main Inputs/Diet_prop_yoyDV.csv,Main Inputs/Prey_E_jDV.csv,Main Inputs/Indigestible_Prey_jDV.csv,Main Inputs/Pred_E_jDV.csv,NA,NA,NA,NA,NA,NA,NA,NA,NA,NA,NA,FB4_Log_File_Test_ChenayoyDV,TRUE,Daily_Output_Chena_yoyDV
27,Chena yoyDV 27,41,Lake trout,0.145725365,p-value,0.52,32,124,1,13560,FALSE,FALSE,FALSE,FALSE,NA,NA,Main Inputs/Temperature_Chena_2005.csv,Main Inputs/Diet_prop_yoyDV.csv,Main Inputs/Prey_E_jDV.csv,Main Inputs/Indigestible_Prey_jDV.csv,Main Inputs/Pred_E_jDV.csv,NA,NA,NA,NA,NA,NA,NA,NA,NA,NA,NA,FB4_Log_File_Test_ChenayoyDV,TRUE,Daily_Output_Chena_yoyDV
28,Chena yoyDV 28,41,Lake trout,0.163543981,p-value,0.52,32,124,1,13560,FALSE,FALSE,FALSE,FALSE,NA,NA,Main Inputs/Temperature_Chena_2005.csv,Main Inputs/Diet_prop_yoyDV.csv,Main Inputs/Prey_E_jDV.csv,Main Inputs/Indigestible_Prey_jDV.csv,Main Inputs/Pred_E_jDV.csv,NA,NA,NA,NA,NA,NA,NA,NA,NA,NA,NA,FB4_Log_File_Test_ChenayoyDV,TRUE,Daily_Output_Chena_yoyDV
29,Chena yoyDV 29,41,Lake trout,0.18279981,p-value,0.52,32,124,1,13560,FALSE,FALSE,FALSE,FALSE,NA,NA,Main Inputs/Temperature_Chena_2005.csv,Main Inputs/Diet_prop_yoyDV.csv,Main Inputs/Prey_E_jDV.csv,Main Inputs/Indigestible_Prey_jDV.csv,Main Inputs/Pred_E_jDV.csv,NA,NA,NA,NA,NA,NA,NA,NA,NA,NA,NA,FB4_Log_File_Test_ChenayoyDV,TRUE,Daily_Output_Chena_yoyDV
30,Chena yoyDV 30,41,Lake trout,0.203553189,p-value,0.52,32,124,1,13560,FALSE,FALSE,FALSE,FALSE,NA,NA,Main Inputs/Temperature_Chena_2005.csv,Main Inputs/Diet_prop_yoyDV.csv,Main Inputs/Prey_E_jDV.csv,Main Inputs/Indigestible_Prey_jDV.csv,Main Inputs/Pred_E_jDV.csv,NA,NA,NA,NA,NA,NA,NA,NA,NA,NA,NA,FB4_Log_File_Test_ChenayoyDV,TRUE,Daily_Output_Chena_yoyDV
31,Chena yoyDV 31,41,Lake trout,0.225864816,p-value,0.52,32,124,1,13560,FALSE,FALSE,FALSE,FALSE,NA,NA,Main Inputs/Temperature_Chena_2005.csv,Main Inputs/Diet_prop_yoyDV.csv,Main Inputs/Prey_E_jDV.csv,Main Inputs/Indigestible_Prey_jDV.csv,Main Inputs/Pred_E_jDV.csv,NA,NA,NA,NA,NA,NA,NA,NA,NA,NA,NA,FB4_Log_File_Test_ChenayoyDV,TRUE,Daily_Output_Chena_yoyDV
32,Chena yoyDV 32,41,Lake trout,0.249795737,p-value,0.52,32,124,1,13560,FALSE,FALSE,FALSE,FALSE,NA,NA,Main Inputs/Temperature_Chena_2005.csv,Main Inputs/Diet_prop_yoyDV.csv,Main Inputs/Prey_E_jDV.csv,Main Inputs/Indigestible_Prey_jDV.csv,Main Inputs/Pred_E_jDV.csv,NA,NA,NA,NA,NA,NA,NA,NA,NA,NA,NA,FB4_Log_File_Test_ChenayoyDV,TRUE,Daily_Output_Chena_yoyDV
33,Chena yoyDV 33,41,Lake trout,0.302761338,p-value,0.52,32,124,1,13560,FALSE,FALSE,FALSE,FALSE,NA,NA,Main Inputs/Temperature_Chena_2005.csv,Main Inputs/Diet_prop_yoyDV.csv,Main Inputs/Prey_E_jDV.csv,Main Inputs/Indigestible_Prey_jDV.csv,Main Inputs/Pred_E_jDV.csv,NA,NA,NA,NA,NA,NA,NA,NA,NA,NA,NA,FB4_Log_File_Test_ChenayoyDV,TRUE,Daily_Output_Chena_yoyDV
34,Chena yoyDV 34,41,Lake trout,0.331919775,p-value,0.52,32,124,1,13560,FALSE,FALSE,FALSE,FALSE,NA,NA,Main Inputs/Temperature_Chena_2005.csv,Main Inputs/Diet_prop_yoyDV.csv,Main Inputs/Prey_E_jDV.csv,Main Inputs/Indigestible_Prey_jDV.csv,Main Inputs/Pred_E_jDV.csv,NA,NA,NA,NA,NA,NA,NA,NA,NA,NA,NA,FB4_Log_File_Test_ChenayoyDV,TRUE,Daily_Output_Chena_yoyDV
35,Chena yoyDV 35,41,Lake trout,0.362945004,p-value,0.52,32,124,1,13560,FALSE,FALSE,FALSE,FALSE,NA,NA,Main Inputs/Temperature_Chena_2005.csv,Main Inputs/Diet_prop_yoyDV.csv,Main Inputs/Prey_E_jDV.csv,Main Inputs/Indigestible_Prey_jDV.csv,Main Inputs/Pred_E_jDV.csv,NA,NA,NA,NA,NA,NA,NA,NA,NA,NA,NA,FB4_Log_File_Test_ChenayoyDV,TRUE,Daily_Output_Chena_yoyDV
36,Chena yoyDV 36,41,Lake trout,0.430846787,p-value,0.52,32,124,1,13560,FALSE,FALSE,FALSE,FALSE,NA,NA,Main Inputs/Temperature_Chena_2005.csv,Main Inputs/Diet_prop_yoyDV.csv,Main Inputs/Prey_E_jDV.csv,Main Inputs/Indigestible_Prey_jDV.csv,Main Inputs/Pred_E_jDV.csv,NA,NA,NA,NA,NA,NA,NA,NA,NA,NA,NA,FB4_Log_File_Test_ChenayoyDV,TRUE,Daily_Output_Chena_yoyDV
37,Chena yoyDV 37,41,Lake trout,0.467849558,p-value,0.52,32,124,1,13560,FALSE,FALSE,FALSE,FALSE,NA,NA,Main Inputs/Temperature_Chena_2005.csv,Main Inputs/Diet_prop_yoyDV.csv,Main Inputs/Prey_E_jDV.csv,Main Inputs/Indigestible_Prey_jDV.csv,Main Inputs/Pred_E_jDV.csv,NA,NA,NA,NA,NA,NA,NA,NA,NA,NA,NA,FB4_Log_File_Test_ChenayoyDV,TRUE,Daily_Output_Chena_yoyDV
38,Chena yoyDV 38,41,Lake trout,0.506971543,p-value,0.52,32,124,1,13560,FALSE,FALSE,FALSE,FALSE,NA,NA,Main Inputs/Temperature_Chena_2005.csv,Main Inputs/Diet_prop_yoyDV.csv,Main Inputs/Prey_E_jDV.csv,Main Inputs/Indigestible_Prey_jDV.csv,Main Inputs/Pred_E_jDV.csv,NA,NA,NA,NA,NA,NA,NA,NA,NA,NA,NA,FB4_Log_File_Test_ChenayoyDV,TRUE,Daily_Output_Chena_yoyDV
39,Chena yoyDV 39,41,Lake trout,0.022584515,p-value,0.52,32,124,1,13560,FALSE,FALSE,FALSE,FALSE,NA,NA,Main Inputs/Temperature_Chena_average.csv,Main Inputs/Diet_prop_yoyDV.csv,Main Inputs/Prey_E_jDV.csv,Main Inputs/Indigestible_Prey_jDV.csv,Main Inputs/Pred_E_jDV.csv,NA,NA,NA,NA,NA,NA,NA,NA,NA,NA,NA,FB4_Log_File_Test_ChenayoyDV,TRUE,Daily_Output_Chena_yoyDV
40,Chena yoyDV 40,41,Lake trout,0.040269263,p-value,0.52,32,124,1,13560,FALSE,FALSE,FALSE,FALSE,NA,NA,Main Inputs/Temperature_Chena_average.csv,Main Inputs/Diet_prop_yoyDV.csv,Main Inputs/Prey_E_jDV.csv,Main Inputs/Indigestible_Prey_jDV.csv,Main Inputs/Pred_E_jDV.csv,NA,NA,NA,NA,NA,NA,NA,NA,NA,NA,NA,FB4_Log_File_Test_ChenayoyDV,TRUE,Daily_Output_Chena_yoyDV
41,Chena yoyDV 41,41,Lake trout,0.065664236,p-value,0.52,32,124,1,13560,FALSE,FALSE,FALSE,FALSE,NA,NA,Main Inputs/Temperature_Chena_average.csv,Main Inputs/Diet_prop_yoyDV.csv,Main Inputs/Prey_E_jDV.csv,Main Inputs/Indigestible_Prey_jDV.csv,Main Inputs/Pred_E_jDV.csv,NA,NA,NA,NA,NA,NA,NA,NA,NA,NA,NA,FB4_Log_File_Test_ChenayoyDV,TRUE,Daily_Output_Chena_yoyDV
42,Chena yoyDV 42,41,Lake trout,0.076105148,p-value,0.52,32,124,1,13560,FALSE,FALSE,FALSE,FALSE,NA,NA,Main Inputs/Temperature_Chena_average.csv,Main Inputs/Diet_prop_yoyDV.csv,Main Inputs/Prey_E_jDV.csv,Main Inputs/Indigestible_Prey_jDV.csv,Main Inputs/Pred_E_jDV.csv,NA,NA,NA,NA,NA,NA,NA,NA,NA,NA,NA,FB4_Log_File_Test_ChenayoyDV,TRUE,Daily_Output_Chena_yoyDV
43,Chena yoyDV 43,41,Lake trout,0.100295015,p-value,0.52,32,124,1,13560,FALSE,FALSE,FALSE,FALSE,NA,NA,Main Inputs/Temperature_Chena_average.csv,Main Inputs/Diet_prop_yoyDV.csv,Main Inputs/Prey_E_jDV.csv,Main Inputs/Indigestible_Prey_jDV.csv,Main Inputs/Pred_E_jDV.csv,NA,NA,NA,NA,NA,NA,NA,NA,NA,NA,NA,FB4_Log_File_Test_ChenayoyDV,TRUE,Daily_Output_Chena_yoyDV
44,Chena yoyDV 44,41,Lake trout,0.114160273,p-value,0.52,32,124,1,13560,FALSE,FALSE,FALSE,FALSE,NA,NA,Main Inputs/Temperature_Chena_average.csv,Main Inputs/Diet_prop_yoyDV.csv,Main Inputs/Prey_E_jDV.csv,Main Inputs/Indigestible_Prey_jDV.csv,Main Inputs/Pred_E_jDV.csv,NA,NA,NA,NA,NA,NA,NA,NA,NA,NA,NA,FB4_Log_File_Test_ChenayoyDV,TRUE,Daily_Output_Chena_yoyDV
45,Chena yoyDV 45,41,Lake trout,0.129283991,p-value,0.52,32,124,1,13560,FALSE,FALSE,FALSE,FALSE,NA,NA,Main Inputs/Temperature_Chena_average.csv,Main Inputs/Diet_prop_yoyDV.csv,Main Inputs/Prey_E_jDV.csv,Main Inputs/Indigestible_Prey_jDV.csv,Main Inputs/Pred_E_jDV.csv,NA,NA,NA,NA,NA,NA,NA,NA,NA,NA,NA,FB4_Log_File_Test_ChenayoyDV,TRUE,Daily_Output_Chena_yoyDV
46,Chena yoyDV 46,41,Lake trout,0.145725365,p-value,0.52,32,124,1,13560,FALSE,FALSE,FALSE,FALSE,NA,NA,Main Inputs/Temperature_Chena_average.csv,Main Inputs/Diet_prop_yoyDV.csv,Main Inputs/Prey_E_jDV.csv,Main Inputs/Indigestible_Prey_jDV.csv,Main Inputs/Pred_E_jDV.csv,NA,NA,NA,NA,NA,NA,NA,NA,NA,NA,NA,FB4_Log_File_Test_ChenayoyDV,TRUE,Daily_Output_Chena_yoyDV
47,Chena yoyDV 47,41,Lake trout,0.163543981,p-value,0.52,32,124,1,13560,FALSE,FALSE,FALSE,FALSE,NA,NA,Main Inputs/Temperature_Chena_average.csv,Main Inputs/Diet_prop_yoyDV.csv,Main Inputs/Prey_E_jDV.csv,Main Inputs/Indigestible_Prey_jDV.csv,Main Inputs/Pred_E_jDV.csv,NA,NA,NA,NA,NA,NA,NA,NA,NA,NA,NA,FB4_Log_File_Test_ChenayoyDV,TRUE,Daily_Output_Chena_yoyDV
48,Chena yoyDV 48,41,Lake trout,0.18279981,p-value,0.52,32,124,1,13560,FALSE,FALSE,FALSE,FALSE,NA,NA,Main Inputs/Temperature_Chena_average.csv,Main Inputs/Diet_prop_yoyDV.csv,Main Inputs/Prey_E_jDV.csv,Main Inputs/Indigestible_Prey_jDV.csv,Main Inputs/Pred_E_jDV.csv,NA,NA,NA,NA,NA,NA,NA,NA,NA,NA,NA,FB4_Log_File_Test_ChenayoyDV,TRUE,Daily_Output_Chena_yoyDV
49,Chena yoyDV 49,41,Lake trout,0.203553189,p-value,0.52,32,124,1,13560,FALSE,FALSE,FALSE,FALSE,NA,NA,Main Inputs/Temperature_Chena_average.csv,Main Inputs/Diet_prop_yoyDV.csv,Main Inputs/Prey_E_jDV.csv,Main Inputs/Indigestible_Prey_jDV.csv,Main Inputs/Pred_E_jDV.csv,NA,NA,NA,NA,NA,NA,NA,NA,NA,NA,NA,FB4_Log_File_Test_ChenayoyDV,TRUE,Daily_Output_Chena_yoyDV
50,Chena yoyDV 50,41,Lake trout,0.225864816,p-value,0.52,32,124,1,13560,FALSE,FALSE,FALSE,FALSE,NA,NA,Main Inputs/Temperature_Chena_average.csv,Main Inputs/Diet_prop_yoyDV.csv,Main Inputs/Prey_E_jDV.csv,Main Inputs/Indigestible_Prey_jDV.csv,Main Inputs/Pred_E_jDV.csv,NA,NA,NA,NA,NA,NA,NA,NA,NA,NA,NA,FB4_Log_File_Test_ChenayoyDV,TRUE,Daily_Output_Chena_yoyDV
51,Chena yoyDV 51,41,Lake trout,0.249795737,p-value,0.52,32,124,1,13560,FALSE,FALSE,FALSE,FALSE,NA,NA,Main Inputs/Temperature_Chena_average.csv,Main Inputs/Diet_prop_yoyDV.csv,Main Inputs/Prey_E_jDV.csv,Main Inputs/Indigestible_Prey_jDV.csv,Main Inputs/Pred_E_jDV.csv,NA,NA,NA,NA,NA,NA,NA,NA,NA,NA,NA,FB4_Log_File_Test_ChenayoyDV,TRUE,Daily_Output_Chena_yoyDV
52,Chena yoyDV 52,41,Lake trout,0.302761338,p-value,0.52,32,124,1,13560,FALSE,FALSE,FALSE,FALSE,NA,NA,Main Inputs/Temperature_Chena_average.csv,Main Inputs/Diet_prop_yoyDV.csv,Main Inputs/Prey_E_jDV.csv,Main Inputs/Indigestible_Prey_jDV.csv,Main Inputs/Pred_E_jDV.csv,NA,NA,NA,NA,NA,NA,NA,NA,NA,NA,NA,FB4_Log_File_Test_ChenayoyDV,TRUE,Daily_Output_Chena_yoyDV
53,Chena yoyDV 53,41,Lake trout,0.331919775,p-value,0.52,32,124,1,13560,FALSE,FALSE,FALSE,FALSE,NA,NA,Main Inputs/Temperature_Chena_average.csv,Main Inputs/Diet_prop_yoyDV.csv,Main Inputs/Prey_E_jDV.csv,Main Inputs/Indigestible_Prey_jDV.csv,Main Inputs/Pred_E_jDV.csv,NA,NA,NA,NA,NA,NA,NA,NA,NA,NA,NA,FB4_Log_File_Test_ChenayoyDV,TRUE,Daily_Output_Chena_yoyDV
54,Chena yoyDV 54,41,Lake trout,0.362945004,p-value,0.52,32,124,1,13560,FALSE,FALSE,FALSE,FALSE,NA,NA,Main Inputs/Temperature_Chena_average.csv,Main Inputs/Diet_prop_yoyDV.csv,Main Inputs/Prey_E_jDV.csv,Main Inputs/Indigestible_Prey_jDV.csv,Main Inputs/Pred_E_jDV.csv,NA,NA,NA,NA,NA,NA,NA,NA,NA,NA,NA,FB4_Log_File_Test_ChenayoyDV,TRUE,Daily_Output_Chena_yoyDV
55,Chena yoyDV 55,41,Lake trout,0.430846787,p-value,0.52,32,124,1,13560,FALSE,FALSE,FALSE,FALSE,NA,NA,Main Inputs/Temperature_Chena_average.csv,Main Inputs/Diet_prop_yoyDV.csv,Main Inputs/Prey_E_jDV.csv,Main Inputs/Indigestible_Prey_jDV.csv,Main Inputs/Pred_E_jDV.csv,NA,NA,NA,NA,NA,NA,NA,NA,NA,NA,NA,FB4_Log_File_Test_ChenayoyDV,TRUE,Daily_Output_Chena_yoyDV
56,Chena yoyDV 56,41,Lake trout,0.467849558,p-value,0.52,32,124,1,13560,FALSE,FALSE,FALSE,FALSE,NA,NA,Main Inputs/Temperature_Chena_average.csv,Main Inputs/Diet_prop_yoyDV.csv,Main Inputs/Prey_E_jDV.csv,Main Inputs/Indigestible_Prey_jDV.csv,Main Inputs/Pred_E_jDV.csv,NA,NA,NA,NA,NA,NA,NA,NA,NA,NA,NA,FB4_Log_File_Test_ChenayoyDV,TRUE,Daily_Output_Chena_yoyDV
57,Chena yoyDV 57,41,Lake trout,0.506971543,p-value,0.52,32,124,1,13560,FALSE,FALSE,FALSE,FALSE,NA,NA,Main Inputs/Temperature_Chena_average.csv,Main Inputs/Diet_prop_yoyDV.csv,Main Inputs/Prey_E_jDV.csv,Main Inputs/Indigestible_Prey_jDV.csv,Main Inputs/Pred_E_jDV.csv,NA,NA,NA,NA,NA,NA,NA,NA,NA,NA,NA,FB4_Log_File_Test_ChenayoyDV,TRUE,Daily_Output_Chena_yoyDV
58,Chena yoyDV 58,41,Lake trout,0.022584515,p-value,0.52,32,124,1,13560,FALSE,FALSE,FALSE,FALSE,NA,NA,Main Inputs/Temperature_Chena_2044highpgw.csv,Main Inputs/Diet_prop_yoyDV.csv,Main Inputs/Prey_E_jDV.csv,Main Inputs/Indigestible_Prey_jDV.csv,Main Inputs/Pred_E_jDV.csv,NA,NA,NA,NA,NA,NA,NA,NA,NA,NA,NA,FB4_Log_File_Test_ChenayoyDV,TRUE,Daily_Output_Chena_yoyDV
59,Chena yoyDV 59,41,Lake trout,0.040269263,p-value,0.52,32,124,1,13560,FALSE,FALSE,FALSE,FALSE,NA,NA,Main Inputs/Temperature_Chena_2044highpgw.csv,Main Inputs/Diet_prop_yoyDV.csv,Main Inputs/Prey_E_jDV.csv,Main Inputs/Indigestible_Prey_jDV.csv,Main Inputs/Pred_E_jDV.csv,NA,NA,NA,NA,NA,NA,NA,NA,NA,NA,NA,FB4_Log_File_Test_ChenayoyDV,TRUE,Daily_Output_Chena_yoyDV
60,Chena yoyDV 60,41,Lake trout,0.065664236,p-value,0.52,32,124,1,13560,FALSE,FALSE,FALSE,FALSE,NA,NA,Main Inputs/Temperature_Chena_2044highpgw.csv,Main Inputs/Diet_prop_yoyDV.csv,Main Inputs/Prey_E_jDV.csv,Main Inputs/Indigestible_Prey_jDV.csv,Main Inputs/Pred_E_jDV.csv,NA,NA,NA,NA,NA,NA,NA,NA,NA,NA,NA,FB4_Log_File_Test_ChenayoyDV,TRUE,Daily_Output_Chena_yoyDV
61,Chena yoyDV 61,41,Lake trout,0.076105148,p-value,0.52,32,124,1,13560,FALSE,FALSE,FALSE,FALSE,NA,NA,Main Inputs/Temperature_Chena_2044highpgw.csv,Main Inputs/Diet_prop_yoyDV.csv,Main Inputs/Prey_E_jDV.csv,Main Inputs/Indigestible_Prey_jDV.csv,Main Inputs/Pred_E_jDV.csv,NA,NA,NA,NA,NA,NA,NA,NA,NA,NA,NA,FB4_Log_File_Test_ChenayoyDV,TRUE,Daily_Output_Chena_yoyDV
62,Chena yoyDV 62,41,Lake trout,0.100295015,p-value,0.52,32,124,1,13560,FALSE,FALSE,FALSE,FALSE,NA,NA,Main Inputs/Temperature_Chena_2044highpgw.csv,Main Inputs/Diet_prop_yoyDV.csv,Main Inputs/Prey_E_jDV.csv,Main Inputs/Indigestible_Prey_jDV.csv,Main Inputs/Pred_E_jDV.csv,NA,NA,NA,NA,NA,NA,NA,NA,NA,NA,NA,FB4_Log_File_Test_ChenayoyDV,TRUE,Daily_Output_Chena_yoyDV
63,Chena yoyDV 63,41,Lake trout,0.114160273,p-value,0.52,32,124,1,13560,FALSE,FALSE,FALSE,FALSE,NA,NA,Main Inputs/Temperature_Chena_2044highpgw.csv,Main Inputs/Diet_prop_yoyDV.csv,Main Inputs/Prey_E_jDV.csv,Main Inputs/Indigestible_Prey_jDV.csv,Main Inputs/Pred_E_jDV.csv,NA,NA,NA,NA,NA,NA,NA,NA,NA,NA,NA,FB4_Log_File_Test_ChenayoyDV,TRUE,Daily_Output_Chena_yoyDV
64,Chena yoyDV 64,41,Lake trout,0.129283991,p-value,0.52,32,124,1,13560,FALSE,FALSE,FALSE,FALSE,NA,NA,Main Inputs/Temperature_Chena_2044highpgw.csv,Main Inputs/Diet_prop_yoyDV.csv,Main Inputs/Prey_E_jDV.csv,Main Inputs/Indigestible_Prey_jDV.csv,Main Inputs/Pred_E_jDV.csv,NA,NA,NA,NA,NA,NA,NA,NA,NA,NA,NA,FB4_Log_File_Test_ChenayoyDV,TRUE,Daily_Output_Chena_yoyDV
65,Chena yoyDV 65,41,Lake trout,0.145725365,p-value,0.52,32,124,1,13560,FALSE,FALSE,FALSE,FALSE,NA,NA,Main Inputs/Temperature_Chena_2044highpgw.csv,Main Inputs/Diet_prop_yoyDV.csv,Main Inputs/Prey_E_jDV.csv,Main Inputs/Indigestible_Prey_jDV.csv,Main Inputs/Pred_E_jDV.csv,NA,NA,NA,NA,NA,NA,NA,NA,NA,NA,NA,FB4_Log_File_Test_ChenayoyDV,TRUE,Daily_Output_Chena_yoyDV
66,Chena yoyDV 66,41,Lake trout,0.163543981,p-value,0.52,32,124,1,13560,FALSE,FALSE,FALSE,FALSE,NA,NA,Main Inputs/Temperature_Chena_2044highpgw.csv,Main Inputs/Diet_prop_yoyDV.csv,Main Inputs/Prey_E_jDV.csv,Main Inputs/Indigestible_Prey_jDV.csv,Main Inputs/Pred_E_jDV.csv,NA,NA,NA,NA,NA,NA,NA,NA,NA,NA,NA,FB4_Log_File_Test_ChenayoyDV,TRUE,Daily_Output_Chena_yoyDV
67,Chena yoyDV 67,41,Lake trout,0.18279981,p-value,0.52,32,124,1,13560,FALSE,FALSE,FALSE,FALSE,NA,NA,Main Inputs/Temperature_Chena_2044highpgw.csv,Main Inputs/Diet_prop_yoyDV.csv,Main Inputs/Prey_E_jDV.csv,Main Inputs/Indigestible_Prey_jDV.csv,Main Inputs/Pred_E_jDV.csv,NA,NA,NA,NA,NA,NA,NA,NA,NA,NA,NA,FB4_Log_File_Test_ChenayoyDV,TRUE,Daily_Output_Chena_yoyDV
68,Chena yoyDV 68,41,Lake trout,0.203553189,p-value,0.52,32,124,1,13560,FALSE,FALSE,FALSE,FALSE,NA,NA,Main Inputs/Temperature_Chena_2044highpgw.csv,Main Inputs/Diet_prop_yoyDV.csv,Main Inputs/Prey_E_jDV.csv,Main Inputs/Indigestible_Prey_jDV.csv,Main Inputs/Pred_E_jDV.csv,NA,NA,NA,NA,NA,NA,NA,NA,NA,NA,NA,FB4_Log_File_Test_ChenayoyDV,TRUE,Daily_Output_Chena_yoyDV
69,Chena yoyDV 69,41,Lake trout,0.225864816,p-value,0.52,32,124,1,13560,FALSE,FALSE,FALSE,FALSE,NA,NA,Main Inputs/Temperature_Chena_2044highpgw.csv,Main Inputs/Diet_prop_yoyDV.csv,Main Inputs/Prey_E_jDV.csv,Main Inputs/Indigestible_Prey_jDV.csv,Main Inputs/Pred_E_jDV.csv,NA,NA,NA,NA,NA,NA,NA,NA,NA,NA,NA,FB4_Log_File_Test_ChenayoyDV,TRUE,Daily_Output_Chena_yoyDV
70,Chena yoyDV 70,41,Lake trout,0.249795737,p-value,0.52,32,124,1,13560,FALSE,FALSE,FALSE,FALSE,NA,NA,Main Inputs/Temperature_Chena_2044highpgw.csv,Main Inputs/Diet_prop_yoyDV.csv,Main Inputs/Prey_E_jDV.csv,Main Inputs/Indigestible_Prey_jDV.csv,Main Inputs/Pred_E_jDV.csv,NA,NA,NA,NA,NA,NA,NA,NA,NA,NA,NA,FB4_Log_File_Test_ChenayoyDV,TRUE,Daily_Output_Chena_yoyDV
71,Chena yoyDV 71,41,Lake trout,0.302761338,p-value,0.52,32,124,1,13560,FALSE,FALSE,FALSE,FALSE,NA,NA,Main Inputs/Temperature_Chena_2044highpgw.csv,Main Inputs/Diet_prop_yoyDV.csv,Main Inputs/Prey_E_jDV.csv,Main Inputs/Indigestible_Prey_jDV.csv,Main Inputs/Pred_E_jDV.csv,NA,NA,NA,NA,NA,NA,NA,NA,NA,NA,NA,FB4_Log_File_Test_ChenayoyDV,TRUE,Daily_Output_Chena_yoyDV
72,Chena yoyDV 72,41,Lake trout,0.331919775,p-value,0.52,32,124,1,13560,FALSE,FALSE,FALSE,FALSE,NA,NA,Main Inputs/Temperature_Chena_2044highpgw.csv,Main Inputs/Diet_prop_yoyDV.csv,Main Inputs/Prey_E_jDV.csv,Main Inputs/Indigestible_Prey_jDV.csv,Main Inputs/Pred_E_jDV.csv,NA,NA,NA,NA,NA,NA,NA,NA,NA,NA,NA,FB4_Log_File_Test_ChenayoyDV,TRUE,Daily_Output_Chena_yoyDV
73,Chena yoyDV 73,41,Lake trout,0.362945004,p-value,0.52,32,124,1,13560,FALSE,FALSE,FALSE,FALSE,NA,NA,Main Inputs/Temperature_Chena_2044highpgw.csv,Main Inputs/Diet_prop_yoyDV.csv,Main Inputs/Prey_E_jDV.csv,Main Inputs/Indigestible_Prey_jDV.csv,Main Inputs/Pred_E_jDV.csv,NA,NA,NA,NA,NA,NA,NA,NA,NA,NA,NA,FB4_Log_File_Test_ChenayoyDV,TRUE,Daily_Output_Chena_yoyDV
74,Chena yoyDV 74,41,Lake trout,0.430846787,p-value,0.52,32,124,1,13560,FALSE,FALSE,FALSE,FALSE,NA,NA,Main Inputs/Temperature_Chena_2044highpgw.csv,Main Inputs/Diet_prop_yoyDV.csv,Main Inputs/Prey_E_jDV.csv,Main Inputs/Indigestible_Prey_jDV.csv,Main Inputs/Pred_E_jDV.csv,NA,NA,NA,NA,NA,NA,NA,NA,NA,NA,NA,FB4_Log_File_Test_ChenayoyDV,TRUE,Daily_Output_Chena_yoyDV
75,Chena yoyDV 75,41,Lake trout,0.467849558,p-value,0.52,32,124,1,13560,FALSE,FALSE,FALSE,FALSE,NA,NA,Main Inputs/Temperature_Chena_2044highpgw.csv,Main Inputs/Diet_prop_yoyDV.csv,Main Inputs/Prey_E_jDV.csv,Main Inputs/Indigestible_Prey_jDV.csv,Main Inputs/Pred_E_jDV.csv,NA,NA,NA,NA,NA,NA,NA,NA,NA,NA,NA,FB4_Log_File_Test_ChenayoyDV,TRUE,Daily_Output_Chena_yoyDV
76,Chena yoyDV 76,41,Lake trout,0.506971543,p-value,0.52,32,124,1,13560,FALSE,FALSE,FALSE,FALSE,NA,NA,Main Inputs/Temperature_Chena_2044highpgw.csv,Main Inputs/Diet_prop_yoyDV.csv,Main Inputs/Prey_E_jDV.csv,Main Inputs/Indigestible_Prey_jDV.csv,Main Inputs/Pred_E_jDV.csv,NA,NA,NA,NA,NA,NA,NA,NA,NA,NA,NA,FB4_Log_File_Test_ChenayoyDV,TRUE,Daily_Output_Chena_yoyDV
77,Chena yoyDV 77,41,Lake trout,0.022584515,p-value,0.52,32,124,1,13560,FALSE,FALSE,FALSE,FALSE,NA,NA,Main Inputs/Temperature_Chena_2049highpgw.csv,Main Inputs/Diet_prop_yoyDV.csv,Main Inputs/Prey_E_jDV.csv,Main Inputs/Indigestible_Prey_jDV.csv,Main Inputs/Pred_E_jDV.csv,NA,NA,NA,NA,NA,NA,NA,NA,NA,NA,NA,FB4_Log_File_Test_ChenayoyDV,TRUE,Daily_Output_Chena_yoyDV
78,Chena yoyDV 78,41,Lake trout,0.040269263,p-value,0.52,32,124,1,13560,FALSE,FALSE,FALSE,FALSE,NA,NA,Main Inputs/Temperature_Chena_2049highpgw.csv,Main Inputs/Diet_prop_yoyDV.csv,Main Inputs/Prey_E_jDV.csv,Main Inputs/Indigestible_Prey_jDV.csv,Main Inputs/Pred_E_jDV.csv,NA,NA,NA,NA,NA,NA,NA,NA,NA,NA,NA,FB4_Log_File_Test_ChenayoyDV,TRUE,Daily_Output_Chena_yoyDV
79,Chena yoyDV 79,41,Lake trout,0.065664236,p-value,0.52,32,124,1,13560,FALSE,FALSE,FALSE,FALSE,NA,NA,Main Inputs/Temperature_Chena_2049highpgw.csv,Main Inputs/Diet_prop_yoyDV.csv,Main Inputs/Prey_E_jDV.csv,Main Inputs/Indigestible_Prey_jDV.csv,Main Inputs/Pred_E_jDV.csv,NA,NA,NA,NA,NA,NA,NA,NA,NA,NA,NA,FB4_Log_File_Test_ChenayoyDV,TRUE,Daily_Output_Chena_yoyDV
80,Chena yoyDV 80,41,Lake trout,0.076105148,p-value,0.52,32,124,1,13560,FALSE,FALSE,FALSE,FALSE,NA,NA,Main Inputs/Temperature_Chena_2049highpgw.csv,Main Inputs/Diet_prop_yoyDV.csv,Main Inputs/Prey_E_jDV.csv,Main Inputs/Indigestible_Prey_jDV.csv,Main Inputs/Pred_E_jDV.csv,NA,NA,NA,NA,NA,NA,NA,NA,NA,NA,NA,FB4_Log_File_Test_ChenayoyDV,TRUE,Daily_Output_Chena_yoyDV
81,Chena yoyDV 81,41,Lake trout,0.100295015,p-value,0.52,32,124,1,13560,FALSE,FALSE,FALSE,FALSE,NA,NA,Main Inputs/Temperature_Chena_2049highpgw.csv,Main Inputs/Diet_prop_yoyDV.csv,Main Inputs/Prey_E_jDV.csv,Main Inputs/Indigestible_Prey_jDV.csv,Main Inputs/Pred_E_jDV.csv,NA,NA,NA,NA,NA,NA,NA,NA,NA,NA,NA,FB4_Log_File_Test_ChenayoyDV,TRUE,Daily_Output_Chena_yoyDV
82,Chena yoyDV 82,41,Lake trout,0.114160273,p-value,0.52,32,124,1,13560,FALSE,FALSE,FALSE,FALSE,NA,NA,Main Inputs/Temperature_Chena_2049highpgw.csv,Main Inputs/Diet_prop_yoyDV.csv,Main Inputs/Prey_E_jDV.csv,Main Inputs/Indigestible_Prey_jDV.csv,Main Inputs/Pred_E_jDV.csv,NA,NA,NA,NA,NA,NA,NA,NA,NA,NA,NA,FB4_Log_File_Test_ChenayoyDV,TRUE,Daily_Output_Chena_yoyDV
83,Chena yoyDV 83,41,Lake trout,0.129283991,p-value,0.52,32,124,1,13560,FALSE,FALSE,FALSE,FALSE,NA,NA,Main Inputs/Temperature_Chena_2049highpgw.csv,Main Inputs/Diet_prop_yoyDV.csv,Main Inputs/Prey_E_jDV.csv,Main Inputs/Indigestible_Prey_jDV.csv,Main Inputs/Pred_E_jDV.csv,NA,NA,NA,NA,NA,NA,NA,NA,NA,NA,NA,FB4_Log_File_Test_ChenayoyDV,TRUE,Daily_Output_Chena_yoyDV
84,Chena yoyDV 84,41,Lake trout,0.145725365,p-value,0.52,32,124,1,13560,FALSE,FALSE,FALSE,FALSE,NA,NA,Main Inputs/Temperature_Chena_2049highpgw.csv,Main Inputs/Diet_prop_yoyDV.csv,Main Inputs/Prey_E_jDV.csv,Main Inputs/Indigestible_Prey_jDV.csv,Main Inputs/Pred_E_jDV.csv,NA,NA,NA,NA,NA,NA,NA,NA,NA,NA,NA,FB4_Log_File_Test_ChenayoyDV,TRUE,Daily_Output_Chena_yoyDV
85,Chena yoyDV 85,41,Lake trout,0.163543981,p-value,0.52,32,124,1,13560,FALSE,FALSE,FALSE,FALSE,NA,NA,Main Inputs/Temperature_Chena_2049highpgw.csv,Main Inputs/Diet_prop_yoyDV.csv,Main Inputs/Prey_E_jDV.csv,Main Inputs/Indigestible_Prey_jDV.csv,Main Inputs/Pred_E_jDV.csv,NA,NA,NA,NA,NA,NA,NA,NA,NA,NA,NA,FB4_Log_File_Test_ChenayoyDV,TRUE,Daily_Output_Chena_yoyDV
86,Chena yoyDV 86,41,Lake trout,0.18279981,p-value,0.52,32,124,1,13560,FALSE,FALSE,FALSE,FALSE,NA,NA,Main Inputs/Temperature_Chena_2049highpgw.csv,Main Inputs/Diet_prop_yoyDV.csv,Main Inputs/Prey_E_jDV.csv,Main Inputs/Indigestible_Prey_jDV.csv,Main Inputs/Pred_E_jDV.csv,NA,NA,NA,NA,NA,NA,NA,NA,NA,NA,NA,FB4_Log_File_Test_ChenayoyDV,TRUE,Daily_Output_Chena_yoyDV
87,Chena yoyDV 87,41,Lake trout,0.203553189,p-value,0.52,32,124,1,13560,FALSE,FALSE,FALSE,FALSE,NA,NA,Main Inputs/Temperature_Chena_2049highpgw.csv,Main Inputs/Diet_prop_yoyDV.csv,Main Inputs/Prey_E_jDV.csv,Main Inputs/Indigestible_Prey_jDV.csv,Main Inputs/Pred_E_jDV.csv,NA,NA,NA,NA,NA,NA,NA,NA,NA,NA,NA,FB4_Log_File_Test_ChenayoyDV,TRUE,Daily_Output_Chena_yoyDV
88,Chena yoyDV 88,41,Lake trout,0.225864816,p-value,0.52,32,124,1,13560,FALSE,FALSE,FALSE,FALSE,NA,NA,Main Inputs/Temperature_Chena_2049highpgw.csv,Main Inputs/Diet_prop_yoyDV.csv,Main Inputs/Prey_E_jDV.csv,Main Inputs/Indigestible_Prey_jDV.csv,Main Inputs/Pred_E_jDV.csv,NA,NA,NA,NA,NA,NA,NA,NA,NA,NA,NA,FB4_Log_File_Test_ChenayoyDV,TRUE,Daily_Output_Chena_yoyDV
89,Chena yoyDV 89,41,Lake trout,0.249795737,p-value,0.52,32,124,1,13560,FALSE,FALSE,FALSE,FALSE,NA,NA,Main Inputs/Temperature_Chena_2049highpgw.csv,Main Inputs/Diet_prop_yoyDV.csv,Main Inputs/Prey_E_jDV.csv,Main Inputs/Indigestible_Prey_jDV.csv,Main Inputs/Pred_E_jDV.csv,NA,NA,NA,NA,NA,NA,NA,NA,NA,NA,NA,FB4_Log_File_Test_ChenayoyDV,TRUE,Daily_Output_Chena_yoyDV
90,Chena yoyDV 90,41,Lake trout,0.302761338,p-value,0.52,32,124,1,13560,FALSE,FALSE,FALSE,FALSE,NA,NA,Main Inputs/Temperature_Chena_2049highpgw.csv,Main Inputs/Diet_prop_yoyDV.csv,Main Inputs/Prey_E_jDV.csv,Main Inputs/Indigestible_Prey_jDV.csv,Main Inputs/Pred_E_jDV.csv,NA,NA,NA,NA,NA,NA,NA,NA,NA,NA,NA,FB4_Log_File_Test_ChenayoyDV,TRUE,Daily_Output_Chena_yoyDV
91,Chena yoyDV 91,41,Lake trout,0.331919775,p-value,0.52,32,124,1,13560,FALSE,FALSE,FALSE,FALSE,NA,NA,Main Inputs/Temperature_Chena_2049highpgw.csv,Main Inputs/Diet_prop_yoyDV.csv,Main Inputs/Prey_E_jDV.csv,Main Inputs/Indigestible_Prey_jDV.csv,Main Inputs/Pred_E_jDV.csv,NA,NA,NA,NA,NA,NA,NA,NA,NA,NA,NA,FB4_Log_File_Test_ChenayoyDV,TRUE,Daily_Output_Chena_yoyDV
92,Chena yoyDV 92,41,Lake trout,0.362945004,p-value,0.52,32,124,1,13560,FALSE,FALSE,FALSE,FALSE,NA,NA,Main Inputs/Temperature_Chena_2049highpgw.csv,Main Inputs/Diet_prop_yoyDV.csv,Main Inputs/Prey_E_jDV.csv,Main Inputs/Indigestible_Prey_jDV.csv,Main Inputs/Pred_E_jDV.csv,NA,NA,NA,NA,NA,NA,NA,NA,NA,NA,NA,FB4_Log_File_Test_ChenayoyDV,TRUE,Daily_Output_Chena_yoyDV
93,Chena yoyDV 93,41,Lake trout,0.430846787,p-value,0.52,32,124,1,13560,FALSE,FALSE,FALSE,FALSE,NA,NA,Main Inputs/Temperature_Chena_2049highpgw.csv,Main Inputs/Diet_prop_yoyDV.csv,Main Inputs/Prey_E_jDV.csv,Main Inputs/Indigestible_Prey_jDV.csv,Main Inputs/Pred_E_jDV.csv,NA,NA,NA,NA,NA,NA,NA,NA,NA,NA,NA,FB4_Log_File_Test_ChenayoyDV,TRUE,Daily_Output_Chena_yoyDV
94,Chena yoyDV 94,41,Lake trout,0.467849558,p-value,0.52,32,124,1,13560,FALSE,FALSE,FALSE,FALSE,NA,NA,Main Inputs/Temperature_Chena_2049highpgw.csv,Main Inputs/Diet_prop_yoyDV.csv,Main Inputs/Prey_E_jDV.csv,Main Inputs/Indigestible_Prey_jDV.csv,Main Inputs/Pred_E_jDV.csv,NA,NA,NA,NA,NA,NA,NA,NA,NA,NA,NA,FB4_Log_File_Test_ChenayoyDV,TRUE,Daily_Output_Chena_yoyDV
95,Chena yoyDV 95,41,Lake trout,0.506971543,p-value,0.52,32,124,1,13560,FALSE,FALSE,FALSE,FALSE,NA,NA,Main Inputs/Temperature_Chena_2049highpgw.csv,Main Inputs/Diet_prop_yoyDV.csv,Main Inputs/Prey_E_jDV.csv,Main Inputs/Indigestible_Prey_jDV.csv,Main Inputs/Pred_E_jDV.csv,NA,NA,NA,NA,NA,NA,NA,NA,NA,NA,NA,FB4_Log_File_Test_ChenayoyDV,TRUE,Daily_Output_Chena_yoyDV
96,Chena yoyDV 96,41,Lake trout,0.022584515,p-value,0.52,32,124,1,13560,FALSE,FALSE,FALSE,FALSE,NA,NA,Main Inputs/Temperature_Chena_average_highpgw.csv,Main Inputs/Diet_prop_yoyDV.csv,Main Inputs/Prey_E_jDV.csv,Main Inputs/Indigestible_Prey_jDV.csv,Main Inputs/Pred_E_jDV.csv,NA,NA,NA,NA,NA,NA,NA,NA,NA,NA,NA,FB4_Log_File_Test_ChenayoyDV,TRUE,Daily_Output_Chena_yoyDV
97,Chena yoyDV 97,41,Lake trout,0.040269263,p-value,0.52,32,124,1,13560,FALSE,FALSE,FALSE,FALSE,NA,NA,Main Inputs/Temperature_Chena_average_highpgw.csv,Main Inputs/Diet_prop_yoyDV.csv,Main Inputs/Prey_E_jDV.csv,Main Inputs/Indigestible_Prey_jDV.csv,Main Inputs/Pred_E_jDV.csv,NA,NA,NA,NA,NA,NA,NA,NA,NA,NA,NA,FB4_Log_File_Test_ChenayoyDV,TRUE,Daily_Output_Chena_yoyDV
98,Chena yoyDV 98,41,Lake trout,0.065664236,p-value,0.52,32,124,1,13560,FALSE,FALSE,FALSE,FALSE,NA,NA,Main Inputs/Temperature_Chena_average_highpgw.csv,Main Inputs/Diet_prop_yoyDV.csv,Main Inputs/Prey_E_jDV.csv,Main Inputs/Indigestible_Prey_jDV.csv,Main Inputs/Pred_E_jDV.csv,NA,NA,NA,NA,NA,NA,NA,NA,NA,NA,NA,FB4_Log_File_Test_ChenayoyDV,TRUE,Daily_Output_Chena_yoyDV
99,Chena yoyDV 99,41,Lake trout,0.076105148,p-value,0.52,32,124,1,13560,FALSE,FALSE,FALSE,FALSE,NA,NA,Main Inputs/Temperature_Chena_average_highpgw.csv,Main Inputs/Diet_prop_yoyDV.csv,Main Inputs/Prey_E_jDV.csv,Main Inputs/Indigestible_Prey_jDV.csv,Main Inputs/Pred_E_jDV.csv,NA,NA,NA,NA,NA,NA,NA,NA,NA,NA,NA,FB4_Log_File_Test_ChenayoyDV,TRUE,Daily_Output_Chena_yoyDV
100,Chena yoyDV 100,41,Lake trout,0.100295015,p-value,0.52,32,124,1,13560,FALSE,FALSE,FALSE,FALSE,NA,NA,Main Inputs/Temperature_Chena_average_highpgw.csv,Main Inputs/Diet_prop_yoyDV.csv,Main Inputs/Prey_E_jDV.csv,Main Inputs/Indigestible_Prey_jDV.csv,Main Inputs/Pred_E_jDV.csv,NA,NA,NA,NA,NA,NA,NA,NA,NA,NA,NA,FB4_Log_File_Test_ChenayoyDV,TRUE,Daily_Output_Chena_yoyDV
101,Chena yoyDV 101,41,Lake trout,0.114160273,p-value,0.52,32,124,1,13560,FALSE,FALSE,FALSE,FALSE,NA,NA,Main Inputs/Temperature_Chena_average_highpgw.csv,Main Inputs/Diet_prop_yoyDV.csv,Main Inputs/Prey_E_jDV.csv,Main Inputs/Indigestible_Prey_jDV.csv,Main Inputs/Pred_E_jDV.csv,NA,NA,NA,NA,NA,NA,NA,NA,NA,NA,NA,FB4_Log_File_Test_ChenayoyDV,TRUE,Daily_Output_Chena_yoyDV
102,Chena yoyDV 102,41,Lake trout,0.129283991,p-value,0.52,32,124,1,13560,FALSE,FALSE,FALSE,FALSE,NA,NA,Main Inputs/Temperature_Chena_average_highpgw.csv,Main Inputs/Diet_prop_yoyDV.csv,Main Inputs/Prey_E_jDV.csv,Main Inputs/Indigestible_Prey_jDV.csv,Main Inputs/Pred_E_jDV.csv,NA,NA,NA,NA,NA,NA,NA,NA,NA,NA,NA,FB4_Log_File_Test_ChenayoyDV,TRUE,Daily_Output_Chena_yoyDV
103,Chena yoyDV 103,41,Lake trout,0.145725365,p-value,0.52,32,124,1,13560,FALSE,FALSE,FALSE,FALSE,NA,NA,Main Inputs/Temperature_Chena_average_highpgw.csv,Main Inputs/Diet_prop_yoyDV.csv,Main Inputs/Prey_E_jDV.csv,Main Inputs/Indigestible_Prey_jDV.csv,Main Inputs/Pred_E_jDV.csv,NA,NA,NA,NA,NA,NA,NA,NA,NA,NA,NA,FB4_Log_File_Test_ChenayoyDV,TRUE,Daily_Output_Chena_yoyDV
104,Chena yoyDV 104,41,Lake trout,0.163543981,p-value,0.52,32,124,1,13560,FALSE,FALSE,FALSE,FALSE,NA,NA,Main Inputs/Temperature_Chena_average_highpgw.csv,Main Inputs/Diet_prop_yoyDV.csv,Main Inputs/Prey_E_jDV.csv,Main Inputs/Indigestible_Prey_jDV.csv,Main Inputs/Pred_E_jDV.csv,NA,NA,NA,NA,NA,NA,NA,NA,NA,NA,NA,FB4_Log_File_Test_ChenayoyDV,TRUE,Daily_Output_Chena_yoyDV
105,Chena yoyDV 105,41,Lake trout,0.18279981,p-value,0.52,32,124,1,13560,FALSE,FALSE,FALSE,FALSE,NA,NA,Main Inputs/Temperature_Chena_average_highpgw.csv,Main Inputs/Diet_prop_yoyDV.csv,Main Inputs/Prey_E_jDV.csv,Main Inputs/Indigestible_Prey_jDV.csv,Main Inputs/Pred_E_jDV.csv,NA,NA,NA,NA,NA,NA,NA,NA,NA,NA,NA,FB4_Log_File_Test_ChenayoyDV,TRUE,Daily_Output_Chena_yoyDV
106,Chena yoyDV 106,41,Lake trout,0.203553189,p-value,0.52,32,124,1,13560,FALSE,FALSE,FALSE,FALSE,NA,NA,Main Inputs/Temperature_Chena_average_highpgw.csv,Main Inputs/Diet_prop_yoyDV.csv,Main Inputs/Prey_E_jDV.csv,Main Inputs/Indigestible_Prey_jDV.csv,Main Inputs/Pred_E_jDV.csv,NA,NA,NA,NA,NA,NA,NA,NA,NA,NA,NA,FB4_Log_File_Test_ChenayoyDV,TRUE,Daily_Output_Chena_yoyDV
107,Chena yoyDV 107,41,Lake trout,0.225864816,p-value,0.52,32,124,1,13560,FALSE,FALSE,FALSE,FALSE,NA,NA,Main Inputs/Temperature_Chena_average_highpgw.csv,Main Inputs/Diet_prop_yoyDV.csv,Main Inputs/Prey_E_jDV.csv,Main Inputs/Indigestible_Prey_jDV.csv,Main Inputs/Pred_E_jDV.csv,NA,NA,NA,NA,NA,NA,NA,NA,NA,NA,NA,FB4_Log_File_Test_ChenayoyDV,TRUE,Daily_Output_Chena_yoyDV
108,Chena yoyDV 108,41,Lake trout,0.249795737,p-value,0.52,32,124,1,13560,FALSE,FALSE,FALSE,FALSE,NA,NA,Main Inputs/Temperature_Chena_average_highpgw.csv,Main Inputs/Diet_prop_yoyDV.csv,Main Inputs/Prey_E_jDV.csv,Main Inputs/Indigestible_Prey_jDV.csv,Main Inputs/Pred_E_jDV.csv,NA,NA,NA,NA,NA,NA,NA,NA,NA,NA,NA,FB4_Log_File_Test_ChenayoyDV,TRUE,Daily_Output_Chena_yoyDV
109,Chena yoyDV 109,41,Lake trout,0.302761338,p-value,0.52,32,124,1,13560,FALSE,FALSE,FALSE,FALSE,NA,NA,Main Inputs/Temperature_Chena_average_highpgw.csv,Main Inputs/Diet_prop_yoyDV.csv,Main Inputs/Prey_E_jDV.csv,Main Inputs/Indigestible_Prey_jDV.csv,Main Inputs/Pred_E_jDV.csv,NA,NA,NA,NA,NA,NA,NA,NA,NA,NA,NA,FB4_Log_File_Test_ChenayoyDV,TRUE,Daily_Output_Chena_yoyDV
110,Chena yoyDV 110,41,Lake trout,0.331919775,p-value,0.52,32,124,1,13560,FALSE,FALSE,FALSE,FALSE,NA,NA,Main Inputs/Temperature_Chena_average_highpgw.csv,Main Inputs/Diet_prop_yoyDV.csv,Main Inputs/Prey_E_jDV.csv,Main Inputs/Indigestible_Prey_jDV.csv,Main Inputs/Pred_E_jDV.csv,NA,NA,NA,NA,NA,NA,NA,NA,NA,NA,NA,FB4_Log_File_Test_ChenayoyDV,TRUE,Daily_Output_Chena_yoyDV
111,Chena yoyDV 111,41,Lake trout,0.362945004,p-value,0.52,32,124,1,13560,FALSE,FALSE,FALSE,FALSE,NA,NA,Main Inputs/Temperature_Chena_average_highpgw.csv,Main Inputs/Diet_prop_yoyDV.csv,Main Inputs/Prey_E_jDV.csv,Main Inputs/Indigestible_Prey_jDV.csv,Main Inputs/Pred_E_jDV.csv,NA,NA,NA,NA,NA,NA,NA,NA,NA,NA,NA,FB4_Log_File_Test_ChenayoyDV,TRUE,Daily_Output_Chena_yoyDV
112,Chena yoyDV 112,41,Lake trout,0.430846787,p-value,0.52,32,124,1,13560,FALSE,FALSE,FALSE,FALSE,NA,NA,Main Inputs/Temperature_Chena_average_highpgw.csv,Main Inputs/Diet_prop_yoyDV.csv,Main Inputs/Prey_E_jDV.csv,Main Inputs/Indigestible_Prey_jDV.csv,Main Inputs/Pred_E_jDV.csv,NA,NA,NA,NA,NA,NA,NA,NA,NA,NA,NA,FB4_Log_File_Test_ChenayoyDV,TRUE,Daily_Output_Chena_yoyDV
113,Chena yoyDV 113,41,Lake trout,0.467849558,p-value,0.52,32,124,1,13560,FALSE,FALSE,FALSE,FALSE,NA,NA,Main Inputs/Temperature_Chena_average_highpgw.csv,Main Inputs/Diet_prop_yoyDV.csv,Main Inputs/Prey_E_jDV.csv,Main Inputs/Indigestible_Prey_jDV.csv,Main Inputs/Pred_E_jDV.csv,NA,NA,NA,NA,NA,NA,NA,NA,NA,NA,NA,FB4_Log_File_Test_ChenayoyDV,TRUE,Daily_Output_Chena_yoyDV
114,Chena yoyDV 114,41,Lake trout,0.506971543,p-value,0.52,32,124,1,13560,FALSE,FALSE,FALSE,FALSE,NA,NA,Main Inputs/Temperature_Chena_average_highpgw.csv,Main Inputs/Diet_prop_yoyDV.csv,Main Inputs/Prey_E_jDV.csv,Main Inputs/Indigestible_Prey_jDV.csv,Main Inputs/Pred_E_jDV.csv,NA,NA,NA,NA,NA,NA,NA,NA,NA,NA,NA,FB4_Log_File_Test_ChenayoyDV,TRUE,Daily_Output_Chena_yoyDV
