NRun,Run_Name,Species_Num,Species_txt,Initial_W,fit.to,fit.to.value,First_day,Last_day,N_indiv,Oxycal,calc.pop_mort,calc.spawn,calc.nut,calc.contaminant,Init_pred_conc,contam_eq,T_File,Diet_File,Prey_E_File,Indigest_Prey_File,Pred_E_File,Mort_File,Reprod_File,Contam_Prey_C_File,Contam_assim_File,Contam_TE_File,Phos_Ae_File,Phos_Co_Pred_File,Phos_Co_Prey_File,Nit_Ae_File,Nit_Co_Pred_File,Nit_Co_Prey_File,FB4_Log_File,Save_Daily_Output,Daily_Output_File
1,Porc yoyDV 1,41,Lake trout,0.022584515,p-value,0.398,32,124,1,13560,FALSE,FALSE,FALSE,FALSE,NA,NA,Main Inputs/Temperature_Porcupine_2000.csv,Main Inputs/Diet_prop_yoyDV.csv,Main Inputs/Prey_E_jDV.csv,Main Inputs/Indigestible_Prey_jDV.csv,Main Inputs/Pred_E_jDV.csv,NA,NA,NA,NA,NA,NA,NA,NA,NA,NA,NA,FB4_Log_File_Test_PorcyoyDV,TRUE,Daily_Output_Porc_yoyDV
2,Porc yoyDV 2,41,Lake trout,0.040269263,p-value,0.398,32,124,1,13560,FALSE,FALSE,FALSE,FALSE,NA,NA,Main Inputs/Temperature_Porcupine_2000.csv,Main Inputs/Diet_prop_yoyDV.csv,Main Inputs/Prey_E_jDV.csv,Main Inputs/Indigestible_Prey_jDV.csv,Main Inputs/Pred_E_jDV.csv,NA,NA,NA,NA,NA,NA,NA,NA,NA,NA,NA,FB4_Log_File_Test_PorcyoyDV,TRUE,Daily_Output_Porc_yoyDV
3,Porc yoyDV 3,41,Lake trout,0.065664236,p-value,0.398,32,124,1,13560,FALSE,FALSE,FALSE,FALSE,NA,NA,Main Inputs/Temperature_Porcupine_2000.csv,Main Inputs/Diet_prop_yoyDV.csv,Main Inputs/Prey_E_jDV.csv,Main Inputs/Indigestible_Prey_jDV.csv,Main Inputs/Pred_E_jDV.csv,NA,NA,NA,NA,NA,NA,NA,NA,NA,NA,NA,FB4_Log_File_Test_PorcyoyDV,TRUE,Daily_Output_Porc_yoyDV
4,Porc yoyDV 4,41,Lake trout,0.076105148,p-value,0.398,32,124,1,13560,FALSE,FALSE,FALSE,FALSE,NA,NA,Main Inputs/Temperature_Porcupine_2000.csv,Main Inputs/Diet_prop_yoyDV.csv,Main Inputs/Prey_E_jDV.csv,Main Inputs/Indigestible_Prey_jDV.csv,Main Inputs/Pred_E_jDV.csv,NA,NA,NA,NA,NA,NA,NA,NA,NA,NA,NA,FB4_Log_File_Test_PorcyoyDV,TRUE,Daily_Output_Porc_yoyDV
5,Porc yoyDV 5,41,Lake trout,0.100295015,p-value,0.398,32,124,1,13560,FALSE,FALSE,FALSE,FALSE,NA,NA,Main Inputs/Temperature_Porcupine_2000.csv,Main Inputs/Diet_prop_yoyDV.csv,Main Inputs/Prey_E_jDV.csv,Main Inputs/Indigestible_Prey_jDV.csv,Main Inputs/Pred_E_jDV.csv,NA,NA,NA,NA,NA,NA,NA,NA,NA,NA,NA,FB4_Log_File_Test_PorcyoyDV,TRUE,Daily_Output_Porc_yoyDV
6,Porc yoyDV 6,41,Lake trout,0.114160273,p-value,0.398,32,124,1,13560,FALSE,FALSE,FALSE,FALSE,NA,NA,Main Inputs/Temperature_Porcupine_2000.csv,Main Inputs/Diet_prop_yoyDV.csv,Main Inputs/Prey_E_jDV.csv,Main Inputs/Indigestible_Prey_jDV.csv,Main Inputs/Pred_E_jDV.csv,NA,NA,NA,NA,NA,NA,NA,NA,NA,NA,NA,FB4_Log_File_Test_PorcyoyDV,TRUE,Daily_Output_Porc_yoyDV
7,Porc yoyDV 7,41,Lake trout,0.129283991,p-value,0.398,32,124,1,13560,FALSE,FALSE,FALSE,FALSE,NA,NA,Main Inputs/Temperature_Porcupine_2000.csv,Main Inputs/Diet_prop_yoyDV.csv,Main Inputs/Prey_E_jDV.csv,Main Inputs/Indigestible_Prey_jDV.csv,Main Inputs/Pred_E_jDV.csv,NA,NA,NA,NA,NA,NA,NA,NA,NA,NA,NA,FB4_Log_File_Test_PorcyoyDV,TRUE,Daily_Output_Porc_yoyDV
8,Porc yoyDV 8,41,Lake trout,0.145725365,p-value,0.398,32,124,1,13560,FALSE,FALSE,FALSE,FALSE,NA,NA,Main Inputs/Temperature_Porcupine_2000.csv,Main Inputs/Diet_prop_yoyDV.csv,Main Inputs/Prey_E_jDV.csv,Main Inputs/Indigestible_Prey_jDV.csv,Main Inputs/Pred_E_jDV.csv,NA,NA,NA,NA,NA,NA,NA,NA,NA,NA,NA,FB4_Log_File_Test_PorcyoyDV,TRUE,Daily_Output_Porc_yoyDV
9,Porc yoyDV 9,41,Lake trout,0.163543981,p-value,0.398,32,124,1,13560,FALSE,FALSE,FALSE,FALSE,NA,NA,Main Inputs/Temperature_Porcupine_2000.csv,Main Inputs/Diet_prop_yoyDV.csv,Main Inputs/Prey_E_jDV.csv,Main Inputs/Indigestible_Prey_jDV.csv,Main Inputs/Pred_E_jDV.csv,NA,NA,NA,NA,NA,NA,NA,NA,NA,NA,NA,FB4_Log_File_Test_PorcyoyDV,TRUE,Daily_Output_Porc_yoyDV
10,Porc yoyDV 10,41,Lake trout,0.18279981,p-value,0.398,32,124,1,13560,FALSE,FALSE,FALSE,FALSE,NA,NA,Main Inputs/Temperature_Porcupine_2000.csv,Main Inputs/Diet_prop_yoyDV.csv,Main Inputs/Prey_E_jDV.csv,Main Inputs/Indigestible_Prey_jDV.csv,Main Inputs/Pred_E_jDV.csv,NA,NA,NA,NA,NA,NA,NA,NA,NA,NA,NA,FB4_Log_File_Test_PorcyoyDV,TRUE,Daily_Output_Porc_yoyDV
11,Porc yoyDV 11,41,Lake trout,0.203553189,p-value,0.398,32,124,1,13560,FALSE,FALSE,FALSE,FALSE,NA,NA,Main Inputs/Temperature_Porcupine_2000.csv,Main Inputs/Diet_prop_yoyDV.csv,Main Inputs/Prey_E_jDV.csv,Main Inputs/Indigestible_Prey_jDV.csv,Main Inputs/Pred_E_jDV.csv,NA,NA,NA,NA,NA,NA,NA,NA,NA,NA,NA,FB4_Log_File_Test_PorcyoyDV,TRUE,Daily_Output_Porc_yoyDV
12,Porc yoyDV 12,41,Lake trout,0.225864816,p-value,0.398,32,124,1,13560,FALSE,FALSE,FALSE,FALSE,NA,NA,Main Inputs/Temperature_Porcupine_2000.csv,Main Inputs/Diet_prop_yoyDV.csv,Main Inputs/Prey_E_jDV.csv,Main Inputs/Indigestible_Prey_jDV.csv,Main Inputs/Pred_E_jDV.csv,NA,NA,NA,NA,NA,NA,NA,NA,NA,NA,NA,FB4_Log_File_Test_PorcyoyDV,TRUE,Daily_Output_Porc_yoyDV
13,Porc yoyDV 13,41,Lake trout,0.249795737,p-value,0.398,32,124,1,13560,FALSE,FALSE,FALSE,FALSE,NA,NA,Main Inputs/Temperature_Porcupine_2000.csv,Main Inputs/Diet_prop_yoyDV.csv,Main Inputs/Prey_E_jDV.csv,Main Inputs/Indigestible_Prey_jDV.csv,Main Inputs/Pred_E_jDV.csv,NA,NA,NA,NA,NA,NA,NA,NA,NA,NA,NA,FB4_Log_File_Test_PorcyoyDV,TRUE,Daily_Output_Porc_yoyDV
14,Porc yoyDV 14,41,Lake trout,0.302761338,p-value,0.398,32,124,1,13560,FALSE,FALSE,FALSE,FALSE,NA,NA,Main Inputs/Temperature_Porcupine_2000.csv,Main Inputs/Diet_prop_yoyDV.csv,Main Inputs/Prey_E_jDV.csv,Main Inputs/Indigestible_Prey_jDV.csv,Main Inputs/Pred_E_jDV.csv,NA,NA,NA,NA,NA,NA,NA,NA,NA,NA,NA,FB4_Log_File_Test_PorcyoyDV,TRUE,Daily_Output_Porc_yoyDV
15,Porc yoyDV 15,41,Lake trout,0.331919775,p-value,0.398,32,124,1,13560,FALSE,FALSE,FALSE,FALSE,NA,NA,Main Inputs/Temperature_Porcupine_2000.csv,Main Inputs/Diet_prop_yoyDV.csv,Main Inputs/Prey_E_jDV.csv,Main Inputs/Indigestible_Prey_jDV.csv,Main Inputs/Pred_E_jDV.csv,NA,NA,NA,NA,NA,NA,NA,NA,NA,NA,NA,FB4_Log_File_Test_PorcyoyDV,TRUE,Daily_Output_Porc_yoyDV
16,Porc yoyDV 16,41,Lake trout,0.362945004,p-value,0.398,32,124,1,13560,FALSE,FALSE,FALSE,FALSE,NA,NA,Main Inputs/Temperature_Porcupine_2000.csv,Main Inputs/Diet_prop_yoyDV.csv,Main Inputs/Prey_E_jDV.csv,Main Inputs/Indigestible_Prey_jDV.csv,Main Inputs/Pred_E_jDV.csv,NA,NA,NA,NA,NA,NA,NA,NA,NA,NA,NA,FB4_Log_File_Test_PorcyoyDV,TRUE,Daily_Output_Porc_yoyDV
17,Porc yoyDV 17,41,Lake trout,0.430846787,p-value,0.398,32,124,1,13560,FALSE,FALSE,FALSE,FALSE,NA,NA,Main Inputs/Temperature_Porcupine_2000.csv,Main Inputs/Diet_prop_yoyDV.csv,Main Inputs/Prey_E_jDV.csv,Main Inputs/Indigestible_Prey_jDV.csv,Main Inputs/Pred_E_jDV.csv,NA,NA,NA,NA,NA,NA,NA,NA,NA,NA,NA,FB4_Log_File_Test_PorcyoyDV,TRUE,Daily_Output_Porc_yoyDV
18,Porc yoyDV 18,41,Lake trout,0.467849558,p-value,0.398,32,124,1,13560,FALSE,FALSE,FALSE,FALSE,NA,NA,Main Inputs/Temperature_Porcupine_2000.csv,Main Inputs/Diet_prop_yoyDV.csv,Main Inputs/Prey_E_jDV.csv,Main Inputs/Indigestible_Prey_jDV.csv,Main Inputs/Pred_E_jDV.csv,NA,NA,NA,NA,NA,NA,NA,NA,NA,NA,NA,FB4_Log_File_Test_PorcyoyDV,TRUE,Daily_Output_Porc_yoyDV
19,Porc yoyDV 19,41,Lake trout,0.506971543,p-value,0.398,32,124,1,13560,FALSE,FALSE,FALSE,FALSE,NA,NA,Main Inputs/Temperature_Porcupine_2000.csv,Main Inputs/Diet_prop_yoyDV.csv,Main Inputs/Prey_E_jDV.csv,Main Inputs/Indigestible_Prey_jDV.csv,Main Inputs/Pred_E_jDV.csv,NA,NA,NA,NA,NA,NA,NA,NA,NA,NA,NA,FB4_Log_File_Test_PorcyoyDV,TRUE,Daily_Output_Porc_yoyDV
20,Porc yoyDV 20,41,Lake trout,0.022584515,p-value,0.398,32,124,1,13560,FALSE,FALSE,FALSE,FALSE,NA,NA,Main Inputs/Temperature_Porcupine_1998.csv,Main Inputs/Diet_prop_yoyDV.csv,Main Inputs/Prey_E_jDV.csv,Main Inputs/Indigestible_Prey_jDV.csv,Main Inputs/Pred_E_jDV.csv,NA,NA,NA,NA,NA,NA,NA,NA,NA,NA,NA,FB4_Log_File_Test_PorcyoyDV,TRUE,Daily_Output_Porc_yoyDV
21,Porc yoyDV 21,41,Lake trout,0.040269263,p-value,0.398,32,124,1,13560,FALSE,FALSE,FALSE,FALSE,NA,NA,Main Inputs/Temperature_Porcupine_1998.csv,Main Inputs/Diet_prop_yoyDV.csv,Main Inputs/Prey_E_jDV.csv,Main Inputs/Indigestible_Prey_jDV.csv,Main Inputs/Pred_E_jDV.csv,NA,NA,NA,NA,NA,NA,NA,NA,NA,NA,NA,FB4_Log_File_Test_PorcyoyDV,TRUE,Daily_Output_Porc_yoyDV
22,Porc yoyDV 22,41,Lake trout,0.065664236,p-value,0.398,32,124,1,13560,FALSE,FALSE,FALSE,FALSE,NA,NA,Main Inputs/Temperature_Porcupine_1998.csv,Main Inputs/Diet_prop_yoyDV.csv,Main Inputs/Prey_E_jDV.csv,Main Inputs/Indigestible_Prey_jDV.csv,Main Inputs/Pred_E_jDV.csv,NA,NA,NA,NA,NA,NA,NA,NA,NA,NA,NA,FB4_Log_File_Test_PorcyoyDV,TRUE,Daily_Output_Porc_yoyDV
23,Porc yoyDV 23,41,Lake trout,0.076105148,p-value,0.398,32,124,1,13560,FALSE,FALSE,FALSE,FALSE,NA,NA,Main Inputs/Temperature_Porcupine_1998.csv,Main Inputs/Diet_prop_yoyDV.csv,Main Inputs/Prey_E_jDV.csv,Main Inputs/Indigestible_Prey_jDV.csv,Main Inputs/Pred_E_jDV.csv,NA,NA,NA,NA,NA,NA,NA,NA,NA,NA,NA,FB4_Log_File_Test_PorcyoyDV,TRUE,Daily_Output_Porc_yoyDV
24,Porc yoyDV 24,41,Lake trout,0.100295015,p-value,0.398,32,124,1,13560,FALSE,FALSE,FALSE,FALSE,NA,NA,Main Inputs/Temperature_Porcupine_1998.csv,Main Inputs/Diet_prop_yoyDV.csv,Main Inputs/Prey_E_jDV.csv,Main Inputs/Indigestible_Prey_jDV.csv,Main Inputs/Pred_E_jDV.csv,NA,NA,NA,NA,NA,NA,NA,NA,NA,NA,NA,FB4_Log_File_Test_PorcyoyDV,TRUE,Daily_Output_Porc_yoyDV
25,Porc yoyDV 25,41,Lake trout,0.114160273,p-value,0.398,32,124,1,13560,FALSE,FALSE,FALSE,FALSE,NA,NA,Main Inputs/Temperature_Porcupine_1998.csv,Main Inputs/Diet_prop_yoyDV.csv,Main Inputs/Prey_E_jDV.csv,Main Inputs/Indigestible_Prey_jDV.csv,Main Inputs/Pred_E_jDV.csv,NA,NA,NA,NA,NA,NA,NA,NA,NA,NA,NA,FB4_Log_File_Test_PorcyoyDV,TRUE,Daily_Output_Porc_yoyDV
26,Porc yoyDV 26,41,Lake trout,0.129283991,p-value,0.398,32,124,1,13560,FALSE,FALSE,FALSE,FALSE,NA,NA,Main Inputs/Temperature_Porcupine_1998.csv,Main Inputs/Diet_prop_yoyDV.csv,Main Inputs/Prey_E_jDV.csv,Main Inputs/Indigestible_Prey_jDV.csv,Main Inputs/Pred_E_jDV.csv,NA,NA,NA,NA,NA,NA,NA,NA,NA,NA,NA,FB4_Log_File_Test_PorcyoyDV,TRUE,Daily_Output_Porc_yoyDV
27,Porc yoyDV 27,41,Lake trout,0.145725365,p-value,0.398,32,124,1,13560,FALSE,FALSE,FALSE,FALSE,NA,NA,Main Inputs/Temperature_Porcupine_1998.csv,Main Inputs/Diet_prop_yoyDV.csv,Main Inputs/Prey_E_jDV.csv,Main Inputs/Indigestible_Prey_jDV.csv,Main Inputs/Pred_E_jDV.csv,NA,NA,NA,NA,NA,NA,NA,NA,NA,NA,NA,FB4_Log_File_Test_PorcyoyDV,TRUE,Daily_Output_Porc_yoyDV
28,Porc yoyDV 28,41,Lake trout,0.163543981,p-value,0.398,32,124,1,13560,FALSE,FALSE,FALSE,FALSE,NA,NA,Main Inputs/Temperature_Porcupine_1998.csv,Main Inputs/Diet_prop_yoyDV.csv,Main Inputs/Prey_E_jDV.csv,Main Inputs/Indigestible_Prey_jDV.csv,Main Inputs/Pred_E_jDV.csv,NA,NA,NA,NA,NA,NA,NA,NA,NA,NA,NA,FB4_Log_File_Test_PorcyoyDV,TRUE,Daily_Output_Porc_yoyDV
29,Porc yoyDV 29,41,Lake trout,0.18279981,p-value,0.398,32,124,1,13560,FALSE,FALSE,FALSE,FALSE,NA,NA,Main Inputs/Temperature_Porcupine_1998.csv,Main Inputs/Diet_prop_yoyDV.csv,Main Inputs/Prey_E_jDV.csv,Main Inputs/Indigestible_Prey_jDV.csv,Main Inputs/Pred_E_jDV.csv,NA,NA,NA,NA,NA,NA,NA,NA,NA,NA,NA,FB4_Log_File_Test_PorcyoyDV,TRUE,Daily_Output_Porc_yoyDV
30,Porc yoyDV 30,41,Lake trout,0.203553189,p-value,0.398,32,124,1,13560,FALSE,FALSE,FALSE,FALSE,NA,NA,Main Inputs/Temperature_Porcupine_1998.csv,Main Inputs/Diet_prop_yoyDV.csv,Main Inputs/Prey_E_jDV.csv,Main Inputs/Indigestible_Prey_jDV.csv,Main Inputs/Pred_E_jDV.csv,NA,NA,NA,NA,NA,NA,NA,NA,NA,NA,NA,FB4_Log_File_Test_PorcyoyDV,TRUE,Daily_Output_Porc_yoyDV
31,Porc yoyDV 31,41,Lake trout,0.225864816,p-value,0.398,32,124,1,13560,FALSE,FALSE,FALSE,FALSE,NA,NA,Main Inputs/Temperature_Porcupine_1998.csv,Main Inputs/Diet_prop_yoyDV.csv,Main Inputs/Prey_E_jDV.csv,Main Inputs/Indigestible_Prey_jDV.csv,Main Inputs/Pred_E_jDV.csv,NA,NA,NA,NA,NA,NA,NA,NA,NA,NA,NA,FB4_Log_File_Test_PorcyoyDV,TRUE,Daily_Output_Porc_yoyDV
32,Porc yoyDV 32,41,Lake trout,0.249795737,p-value,0.398,32,124,1,13560,FALSE,FALSE,FALSE,FALSE,NA,NA,Main Inputs/Temperature_Porcupine_1998.csv,Main Inputs/Diet_prop_yoyDV.csv,Main Inputs/Prey_E_jDV.csv,Main Inputs/Indigestible_Prey_jDV.csv,Main Inputs/Pred_E_jDV.csv,NA,NA,NA,NA,NA,NA,NA,NA,NA,NA,NA,FB4_Log_File_Test_PorcyoyDV,TRUE,Daily_Output_Porc_yoyDV
33,Porc yoyDV 33,41,Lake trout,0.302761338,p-value,0.398,32,124,1,13560,FALSE,FALSE,FALSE,FALSE,NA,NA,Main Inputs/Temperature_Porcupine_1998.csv,Main Inputs/Diet_prop_yoyDV.csv,Main Inputs/Prey_E_jDV.csv,Main Inputs/Indigestible_Prey_jDV.csv,Main Inputs/Pred_E_jDV.csv,NA,NA,NA,NA,NA,NA,NA,NA,NA,NA,NA,FB4_Log_File_Test_PorcyoyDV,TRUE,Daily_Output_Porc_yoyDV
34,Porc yoyDV 34,41,Lake trout,0.331919775,p-value,0.398,32,124,1,13560,FALSE,FALSE,FALSE,FALSE,NA,NA,Main Inputs/Temperature_Porcupine_1998.csv,Main Inputs/Diet_prop_yoyDV.csv,Main Inputs/Prey_E_jDV.csv,Main Inputs/Indigestible_Prey_jDV.csv,Main Inputs/Pred_E_jDV.csv,NA,NA,NA,NA,NA,NA,NA,NA,NA,NA,NA,FB4_Log_File_Test_PorcyoyDV,TRUE,Daily_Output_Porc_yoyDV
35,Porc yoyDV 35,41,Lake trout,0.362945004,p-value,0.398,32,124,1,13560,FALSE,FALSE,FALSE,FALSE,NA,NA,Main Inputs/Temperature_Porcupine_1998.csv,Main Inputs/Diet_prop_yoyDV.csv,Main Inputs/Prey_E_jDV.csv,Main Inputs/Indigestible_Prey_jDV.csv,Main Inputs/Pred_E_jDV.csv,NA,NA,NA,NA,NA,NA,NA,NA,NA,NA,NA,FB4_Log_File_Test_PorcyoyDV,TRUE,Daily_Output_Porc_yoyDV
36,Porc yoyDV 36,41,Lake trout,0.430846787,p-value,0.398,32,124,1,13560,FALSE,FALSE,FALSE,FALSE,NA,NA,Main Inputs/Temperature_Porcupine_1998.csv,Main Inputs/Diet_prop_yoyDV.csv,Main Inputs/Prey_E_jDV.csv,Main Inputs/Indigestible_Prey_jDV.csv,Main Inputs/Pred_E_jDV.csv,NA,NA,NA,NA,NA,NA,NA,NA,NA,NA,NA,FB4_Log_File_Test_PorcyoyDV,TRUE,Daily_Output_Porc_yoyDV
37,Porc yoyDV 37,41,Lake trout,0.467849558,p-value,0.398,32,124,1,13560,FALSE,FALSE,FALSE,FALSE,NA,NA,Main Inputs/Temperature_Porcupine_1998.csv,Main Inputs/Diet_prop_yoyDV.csv,Main Inputs/Prey_E_jDV.csv,Main Inputs/Indigestible_Prey_jDV.csv,Main Inputs/Pred_E_jDV.csv,NA,NA,NA,NA,NA,NA,NA,NA,NA,NA,NA,FB4_Log_File_Test_PorcyoyDV,TRUE,Daily_Output_Porc_yoyDV
38,Porc yoyDV 38,41,Lake trout,0.506971543,p-value,0.398,32,124,1,13560,FALSE,FALSE,FALSE,FALSE,NA,NA,Main Inputs/Temperature_Porcupine_1998.csv,Main Inputs/Diet_prop_yoyDV.csv,Main Inputs/Prey_E_jDV.csv,Main Inputs/Indigestible_Prey_jDV.csv,Main Inputs/Pred_E_jDV.csv,NA,NA,NA,NA,NA,NA,NA,NA,NA,NA,NA,FB4_Log_File_Test_PorcyoyDV,TRUE,Daily_Output_Porc_yoyDV
39,Porc yoyDV 39,41,Lake trout,0.022584515,p-value,0.398,32,124,1,13560,FALSE,FALSE,FALSE,FALSE,NA,NA,Main Inputs/Temperature_Porcupine_average.csv,Main Inputs/Diet_prop_yoyDV.csv,Main Inputs/Prey_E_jDV.csv,Main Inputs/Indigestible_Prey_jDV.csv,Main Inputs/Pred_E_jDV.csv,NA,NA,NA,NA,NA,NA,NA,NA,NA,NA,NA,FB4_Log_File_Test_PorcyoyDV,TRUE,Daily_Output_Porc_yoyDV
40,Porc yoyDV 40,41,Lake trout,0.040269263,p-value,0.398,32,124,1,13560,FALSE,FALSE,FALSE,FALSE,NA,NA,Main Inputs/Temperature_Porcupine_average.csv,Main Inputs/Diet_prop_yoyDV.csv,Main Inputs/Prey_E_jDV.csv,Main Inputs/Indigestible_Prey_jDV.csv,Main Inputs/Pred_E_jDV.csv,NA,NA,NA,NA,NA,NA,NA,NA,NA,NA,NA,FB4_Log_File_Test_PorcyoyDV,TRUE,Daily_Output_Porc_yoyDV
41,Porc yoyDV 41,41,Lake trout,0.065664236,p-value,0.398,32,124,1,13560,FALSE,FALSE,FALSE,FALSE,NA,NA,Main Inputs/Temperature_Porcupine_average.csv,Main Inputs/Diet_prop_yoyDV.csv,Main Inputs/Prey_E_jDV.csv,Main Inputs/Indigestible_Prey_jDV.csv,Main Inputs/Pred_E_jDV.csv,NA,NA,NA,NA,NA,NA,NA,NA,NA,NA,NA,FB4_Log_File_Test_PorcyoyDV,TRUE,Daily_Output_Porc_yoyDV
42,Porc yoyDV 42,41,Lake trout,0.076105148,p-value,0.398,32,124,1,13560,FALSE,FALSE,FALSE,FALSE,NA,NA,Main Inputs/Temperature_Porcupine_average.csv,Main Inputs/Diet_prop_yoyDV.csv,Main Inputs/Prey_E_jDV.csv,Main Inputs/Indigestible_Prey_jDV.csv,Main Inputs/Pred_E_jDV.csv,NA,NA,NA,NA,NA,NA,NA,NA,NA,NA,NA,FB4_Log_File_Test_PorcyoyDV,TRUE,Daily_Output_Porc_yoyDV
43,Porc yoyDV 43,41,Lake trout,0.100295015,p-value,0.398,32,124,1,13560,FALSE,FALSE,FALSE,FALSE,NA,NA,Main Inputs/Temperature_Porcupine_average.csv,Main Inputs/Diet_prop_yoyDV.csv,Main Inputs/Prey_E_jDV.csv,Main Inputs/Indigestible_Prey_jDV.csv,Main Inputs/Pred_E_jDV.csv,NA,NA,NA,NA,NA,NA,NA,NA,NA,NA,NA,FB4_Log_File_Test_PorcyoyDV,TRUE,Daily_Output_Porc_yoyDV
44,Porc yoyDV 44,41,Lake trout,0.114160273,p-value,0.398,32,124,1,13560,FALSE,FALSE,FALSE,FALSE,NA,NA,Main Inputs/Temperature_Porcupine_average.csv,Main Inputs/Diet_prop_yoyDV.csv,Main Inputs/Prey_E_jDV.csv,Main Inputs/Indigestible_Prey_jDV.csv,Main Inputs/Pred_E_jDV.csv,NA,NA,NA,NA,NA,NA,NA,NA,NA,NA,NA,FB4_Log_File_Test_PorcyoyDV,TRUE,Daily_Output_Porc_yoyDV
45,Porc yoyDV 45,41,Lake trout,0.129283991,p-value,0.398,32,124,1,13560,FALSE,FALSE,FALSE,FALSE,NA,NA,Main Inputs/Temperature_Porcupine_average.csv,Main Inputs/Diet_prop_yoyDV.csv,Main Inputs/Prey_E_jDV.csv,Main Inputs/Indigestible_Prey_jDV.csv,Main Inputs/Pred_E_jDV.csv,NA,NA,NA,NA,NA,NA,NA,NA,NA,NA,NA,FB4_Log_File_Test_PorcyoyDV,TRUE,Daily_Output_Porc_yoyDV
46,Porc yoyDV 46,41,Lake trout,0.145725365,p-value,0.398,32,124,1,13560,FALSE,FALSE,FALSE,FALSE,NA,NA,Main Inputs/Temperature_Porcupine_average.csv,Main Inputs/Diet_prop_yoyDV.csv,Main Inputs/Prey_E_jDV.csv,Main Inputs/Indigestible_Prey_jDV.csv,Main Inputs/Pred_E_jDV.csv,NA,NA,NA,NA,NA,NA,NA,NA,NA,NA,NA,FB4_Log_File_Test_PorcyoyDV,TRUE,Daily_Output_Porc_yoyDV
47,Porc yoyDV 47,41,Lake trout,0.163543981,p-value,0.398,32,124,1,13560,FALSE,FALSE,FALSE,FALSE,NA,NA,Main Inputs/Temperature_Porcupine_average.csv,Main Inputs/Diet_prop_yoyDV.csv,Main Inputs/Prey_E_jDV.csv,Main Inputs/Indigestible_Prey_jDV.csv,Main Inputs/Pred_E_jDV.csv,NA,NA,NA,NA,NA,NA,NA,NA,NA,NA,NA,FB4_Log_File_Test_PorcyoyDV,TRUE,Daily_Output_Porc_yoyDV
48,Porc yoyDV 48,41,Lake trout,0.18279981,p-value,0.398,32,124,1,13560,FALSE,FALSE,FALSE,FALSE,NA,NA,Main Inputs/Temperature_Porcupine_average.csv,Main Inputs/Diet_prop_yoyDV.csv,Main Inputs/Prey_E_jDV.csv,Main Inputs/Indigestible_Prey_jDV.csv,Main Inputs/Pred_E_jDV.csv,NA,NA,NA,NA,NA,NA,NA,NA,NA,NA,NA,FB4_Log_File_Test_PorcyoyDV,TRUE,Daily_Output_Porc_yoyDV
49,Porc yoyDV 49,41,Lake trout,0.203553189,p-value,0.398,32,124,1,13560,FALSE,FALSE,FALSE,FALSE,NA,NA,Main Inputs/Temperature_Porcupine_average.csv,Main Inputs/Diet_prop_yoyDV.csv,Main Inputs/Prey_E_jDV.csv,Main Inputs/Indigestible_Prey_jDV.csv,Main Inputs/Pred_E_jDV.csv,NA,NA,NA,NA,NA,NA,NA,NA,NA,NA,NA,FB4_Log_File_Test_PorcyoyDV,TRUE,Daily_Output_Porc_yoyDV
50,Porc yoyDV 50,41,Lake trout,0.225864816,p-value,0.398,32,124,1,13560,FALSE,FALSE,FALSE,FALSE,NA,NA,Main Inputs/Temperature_Porcupine_average.csv,Main Inputs/Diet_prop_yoyDV.csv,Main Inputs/Prey_E_jDV.csv,Main Inputs/Indigestible_Prey_jDV.csv,Main Inputs/Pred_E_jDV.csv,NA,NA,NA,NA,NA,NA,NA,NA,NA,NA,NA,FB4_Log_File_Test_PorcyoyDV,TRUE,Daily_Output_Porc_yoyDV
51,Porc yoyDV 51,41,Lake trout,0.249795737,p-value,0.398,32,124,1,13560,FALSE,FALSE,FALSE,FALSE,NA,NA,Main Inputs/Temperature_Porcupine_average.csv,Main Inputs/Diet_prop_yoyDV.csv,Main Inputs/Prey_E_jDV.csv,Main Inputs/Indigestible_Prey_jDV.csv,Main Inputs/Pred_E_jDV.csv,NA,NA,NA,NA,NA,NA,NA,NA,NA,NA,NA,FB4_Log_File_Test_PorcyoyDV,TRUE,Daily_Output_Porc_yoyDV
52,Porc yoyDV 52,41,Lake trout,0.302761338,p-value,0.398,32,124,1,13560,FALSE,FALSE,FALSE,FALSE,NA,NA,Main Inputs/Temperature_Porcupine_average.csv,Main Inputs/Diet_prop_yoyDV.csv,Main Inputs/Prey_E_jDV.csv,Main Inputs/Indigestible_Prey_jDV.csv,Main Inputs/Pred_E_jDV.csv,NA,NA,NA,NA,NA,NA,NA,NA,NA,NA,NA,FB4_Log_File_Test_PorcyoyDV,TRUE,Daily_Output_Porc_yoyDV
53,Porc yoyDV 53,41,Lake trout,0.331919775,p-value,0.398,32,124,1,13560,FALSE,FALSE,FALSE,FALSE,NA,NA,Main Inputs/Temperature_Porcupine_average.csv,Main Inputs/Diet_prop_yoyDV.csv,Main Inputs/Prey_E_jDV.csv,Main Inputs/Indigestible_Prey_jDV.csv,Main Inputs/Pred_E_jDV.csv,NA,NA,NA,NA,NA,NA,NA,NA,NA,NA,NA,FB4_Log_File_Test_PorcyoyDV,TRUE,Daily_Output_Porc_yoyDV
54,Porc yoyDV 54,41,Lake trout,0.362945004,p-value,0.398,32,124,1,13560,FALSE,FALSE,FALSE,FALSE,NA,NA,Main Inputs/Temperature_Porcupine_average.csv,Main Inputs/Diet_prop_yoyDV.csv,Main Inputs/Prey_E_jDV.csv,Main Inputs/Indigestible_Prey_jDV.csv,Main Inputs/Pred_E_jDV.csv,NA,NA,NA,NA,NA,NA,NA,NA,NA,NA,NA,FB4_Log_File_Test_PorcyoyDV,TRUE,Daily_Output_Porc_yoyDV
55,Porc yoyDV 55,41,Lake trout,0.430846787,p-value,0.398,32,124,1,13560,FALSE,FALSE,FALSE,FALSE,NA,NA,Main Inputs/Temperature_Porcupine_average.csv,Main Inputs/Diet_prop_yoyDV.csv,Main Inputs/Prey_E_jDV.csv,Main Inputs/Indigestible_Prey_jDV.csv,Main Inputs/Pred_E_jDV.csv,NA,NA,NA,NA,NA,NA,NA,NA,NA,NA,NA,FB4_Log_File_Test_PorcyoyDV,TRUE,Daily_Output_Porc_yoyDV
56,Porc yoyDV 56,41,Lake trout,0.467849558,p-value,0.398,32,124,1,13560,FALSE,FALSE,FALSE,FALSE,NA,NA,Main Inputs/Temperature_Porcupine_average.csv,Main Inputs/Diet_prop_yoyDV.csv,Main Inputs/Prey_E_jDV.csv,Main Inputs/Indigestible_Prey_jDV.csv,Main Inputs/Pred_E_jDV.csv,NA,NA,NA,NA,NA,NA,NA,NA,NA,NA,NA,FB4_Log_File_Test_PorcyoyDV,TRUE,Daily_Output_Porc_yoyDV
57,Porc yoyDV 57,41,Lake trout,0.506971543,p-value,0.398,32,124,1,13560,FALSE,FALSE,FALSE,FALSE,NA,NA,Main Inputs/Temperature_Porcupine_average.csv,Main Inputs/Diet_prop_yoyDV.csv,Main Inputs/Prey_E_jDV.csv,Main Inputs/Indigestible_Prey_jDV.csv,Main Inputs/Pred_E_jDV.csv,NA,NA,NA,NA,NA,NA,NA,NA,NA,NA,NA,FB4_Log_File_Test_PorcyoyDV,TRUE,Daily_Output_Porc_yoyDV
58,Porc yoyDV 58,41,Lake trout,0.022584515,p-value,0.398,32,124,1,13560,FALSE,FALSE,FALSE,FALSE,NA,NA,Main Inputs/Temperature_Porcupine_2044highpgw.csv,Main Inputs/Diet_prop_yoyDV.csv,Main Inputs/Prey_E_jDV.csv,Main Inputs/Indigestible_Prey_jDV.csv,Main Inputs/Pred_E_jDV.csv,NA,NA,NA,NA,NA,NA,NA,NA,NA,NA,NA,FB4_Log_File_Test_PorcyoyDV,TRUE,Daily_Output_Porc_yoyDV
59,Porc yoyDV 59,41,Lake trout,0.040269263,p-value,0.398,32,124,1,13560,FALSE,FALSE,FALSE,FALSE,NA,NA,Main Inputs/Temperature_Porcupine_2044highpgw.csv,Main Inputs/Diet_prop_yoyDV.csv,Main Inputs/Prey_E_jDV.csv,Main Inputs/Indigestible_Prey_jDV.csv,Main Inputs/Pred_E_jDV.csv,NA,NA,NA,NA,NA,NA,NA,NA,NA,NA,NA,FB4_Log_File_Test_PorcyoyDV,TRUE,Daily_Output_Porc_yoyDV
60,Porc yoyDV 60,41,Lake trout,0.065664236,p-value,0.398,32,124,1,13560,FALSE,FALSE,FALSE,FALSE,NA,NA,Main Inputs/Temperature_Porcupine_2044highpgw.csv,Main Inputs/Diet_prop_yoyDV.csv,Main Inputs/Prey_E_jDV.csv,Main Inputs/Indigestible_Prey_jDV.csv,Main Inputs/Pred_E_jDV.csv,NA,NA,NA,NA,NA,NA,NA,NA,NA,NA,NA,FB4_Log_File_Test_PorcyoyDV,TRUE,Daily_Output_Porc_yoyDV
61,Porc yoyDV 61,41,Lake trout,0.076105148,p-value,0.398,32,124,1,13560,FALSE,FALSE,FALSE,FALSE,NA,NA,Main Inputs/Temperature_Porcupine_2044highpgw.csv,Main Inputs/Diet_prop_yoyDV.csv,Main Inputs/Prey_E_jDV.csv,Main Inputs/Indigestible_Prey_jDV.csv,Main Inputs/Pred_E_jDV.csv,NA,NA,NA,NA,NA,NA,NA,NA,NA,NA,NA,FB4_Log_File_Test_PorcyoyDV,TRUE,Daily_Output_Porc_yoyDV
62,Porc yoyDV 62,41,Lake trout,0.100295015,p-value,0.398,32,124,1,13560,FALSE,FALSE,FALSE,FALSE,NA,NA,Main Inputs/Temperature_Porcupine_2044highpgw.csv,Main Inputs/Diet_prop_yoyDV.csv,Main Inputs/Prey_E_jDV.csv,Main Inputs/Indigestible_Prey_jDV.csv,Main Inputs/Pred_E_jDV.csv,NA,NA,NA,NA,NA,NA,NA,NA,NA,NA,NA,FB4_Log_File_Test_PorcyoyDV,TRUE,Daily_Output_Porc_yoyDV
63,Porc yoyDV 63,41,Lake trout,0.114160273,p-value,0.398,32,124,1,13560,FALSE,FALSE,FALSE,FALSE,NA,NA,Main Inputs/Temperature_Porcupine_2044highpgw.csv,Main Inputs/Diet_prop_yoyDV.csv,Main Inputs/Prey_E_jDV.csv,Main Inputs/Indigestible_Prey_jDV.csv,Main Inputs/Pred_E_jDV.csv,NA,NA,NA,NA,NA,NA,NA,NA,NA,NA,NA,FB4_Log_File_Test_PorcyoyDV,TRUE,Daily_Output_Porc_yoyDV
64,Porc yoyDV 64,41,Lake trout,0.129283991,p-value,0.398,32,124,1,13560,FALSE,FALSE,FALSE,FALSE,NA,NA,Main Inputs/Temperature_Porcupine_2044highpgw.csv,Main Inputs/Diet_prop_yoyDV.csv,Main Inputs/Prey_E_jDV.csv,Main Inputs/Indigestible_Prey_jDV.csv,Main Inputs/Pred_E_jDV.csv,NA,NA,NA,NA,NA,NA,NA,NA,NA,NA,NA,FB4_Log_File_Test_PorcyoyDV,TRUE,Daily_Output_Porc_yoyDV
65,Porc yoyDV 65,41,Lake trout,0.145725365,p-value,0.398,32,124,1,13560,FALSE,FALSE,FALSE,FALSE,NA,NA,Main Inputs/Temperature_Porcupine_2044highpgw.csv,Main Inputs/Diet_prop_yoyDV.csv,Main Inputs/Prey_E_jDV.csv,Main Inputs/Indigestible_Prey_jDV.csv,Main Inputs/Pred_E_jDV.csv,NA,NA,NA,NA,NA,NA,NA,NA,NA,NA,NA,FB4_Log_File_Test_PorcyoyDV,TRUE,Daily_Output_Porc_yoyDV
66,Porc yoyDV 66,41,Lake trout,0.163543981,p-value,0.398,32,124,1,13560,FALSE,FALSE,FALSE,FALSE,NA,NA,Main Inputs/Temperature_Porcupine_2044highpgw.csv,Main Inputs/Diet_prop_yoyDV.csv,Main Inputs/Prey_E_jDV.csv,Main Inputs/Indigestible_Prey_jDV.csv,Main Inputs/Pred_E_jDV.csv,NA,NA,NA,NA,NA,NA,NA,NA,NA,NA,NA,FB4_Log_File_Test_PorcyoyDV,TRUE,Daily_Output_Porc_yoyDV
67,Porc yoyDV 67,41,Lake trout,0.18279981,p-value,0.398,32,124,1,13560,FALSE,FALSE,FALSE,FALSE,NA,NA,Main Inputs/Temperature_Porcupine_2044highpgw.csv,Main Inputs/Diet_prop_yoyDV.csv,Main Inputs/Prey_E_jDV.csv,Main Inputs/Indigestible_Prey_jDV.csv,Main Inputs/Pred_E_jDV.csv,NA,NA,NA,NA,NA,NA,NA,NA,NA,NA,NA,FB4_Log_File_Test_PorcyoyDV,TRUE,Daily_Output_Porc_yoyDV
68,Porc yoyDV 68,41,Lake trout,0.203553189,p-value,0.398,32,124,1,13560,FALSE,FALSE,FALSE,FALSE,NA,NA,Main Inputs/Temperature_Porcupine_2044highpgw.csv,Main Inputs/Diet_prop_yoyDV.csv,Main Inputs/Prey_E_jDV.csv,Main Inputs/Indigestible_Prey_jDV.csv,Main Inputs/Pred_E_jDV.csv,NA,NA,NA,NA,NA,NA,NA,NA,NA,NA,NA,FB4_Log_File_Test_PorcyoyDV,TRUE,Daily_Output_Porc_yoyDV
69,Porc yoyDV 69,41,Lake trout,0.225864816,p-value,0.398,32,124,1,13560,FALSE,FALSE,FALSE,FALSE,NA,NA,Main Inputs/Temperature_Porcupine_2044highpgw.csv,Main Inputs/Diet_prop_yoyDV.csv,Main Inputs/Prey_E_jDV.csv,Main Inputs/Indigestible_Prey_jDV.csv,Main Inputs/Pred_E_jDV.csv,NA,NA,NA,NA,NA,NA,NA,NA,NA,NA,NA,FB4_Log_File_Test_PorcyoyDV,TRUE,Daily_Output_Porc_yoyDV
70,Porc yoyDV 70,41,Lake trout,0.249795737,p-value,0.398,32,124,1,13560,FALSE,FALSE,FALSE,FALSE,NA,NA,Main Inputs/Temperature_Porcupine_2044highpgw.csv,Main Inputs/Diet_prop_yoyDV.csv,Main Inputs/Prey_E_jDV.csv,Main Inputs/Indigestible_Prey_jDV.csv,Main Inputs/Pred_E_jDV.csv,NA,NA,NA,NA,NA,NA,NA,NA,NA,NA,NA,FB4_Log_File_Test_PorcyoyDV,TRUE,Daily_Output_Porc_yoyDV
71,Porc yoyDV 71,41,Lake trout,0.302761338,p-value,0.398,32,124,1,13560,FALSE,FALSE,FALSE,FALSE,NA,NA,Main Inputs/Temperature_Porcupine_2044highpgw.csv,Main Inputs/Diet_prop_yoyDV.csv,Main Inputs/Prey_E_jDV.csv,Main Inputs/Indigestible_Prey_jDV.csv,Main Inputs/Pred_E_jDV.csv,NA,NA,NA,NA,NA,NA,NA,NA,NA,NA,NA,FB4_Log_File_Test_PorcyoyDV,TRUE,Daily_Output_Porc_yoyDV
72,Porc yoyDV 72,41,Lake trout,0.331919775,p-value,0.398,32,124,1,13560,FALSE,FALSE,FALSE,FALSE,NA,NA,Main Inputs/Temperature_Porcupine_2044highpgw.csv,Main Inputs/Diet_prop_yoyDV.csv,Main Inputs/Prey_E_jDV.csv,Main Inputs/Indigestible_Prey_jDV.csv,Main Inputs/Pred_E_jDV.csv,NA,NA,NA,NA,NA,NA,NA,NA,NA,NA,NA,FB4_Log_File_Test_PorcyoyDV,TRUE,Daily_Output_Porc_yoyDV
73,Porc yoyDV 73,41,Lake trout,0.362945004,p-value,0.398,32,124,1,13560,FALSE,FALSE,FALSE,FALSE,NA,NA,Main Inputs/Temperature_Porcupine_2044highpgw.csv,Main Inputs/Diet_prop_yoyDV.csv,Main Inputs/Prey_E_jDV.csv,Main Inputs/Indigestible_Prey_jDV.csv,Main Inputs/Pred_E_jDV.csv,NA,NA,NA,NA,NA,NA,NA,NA,NA,NA,NA,FB4_Log_File_Test_PorcyoyDV,TRUE,Daily_Output_Porc_yoyDV
74,Porc yoyDV 74,41,Lake trout,0.430846787,p-value,0.398,32,124,1,13560,FALSE,FALSE,FALSE,FALSE,NA,NA,Main Inputs/Temperature_Porcupine_2044highpgw.csv,Main Inputs/Diet_prop_yoyDV.csv,Main Inputs/Prey_E_jDV.csv,Main Inputs/Indigestible_Prey_jDV.csv,Main Inputs/Pred_E_jDV.csv,NA,NA,NA,NA,NA,NA,NA,NA,NA,NA,NA,FB4_Log_File_Test_PorcyoyDV,TRUE,Daily_Output_Porc_yoyDV
75,Porc yoyDV 75,41,Lake trout,0.467849558,p-value,0.398,32,124,1,13560,FALSE,FALSE,FALSE,FALSE,NA,NA,Main Inputs/Temperature_Porcupine_2044highpgw.csv,Main Inputs/Diet_prop_yoyDV.csv,Main Inputs/Prey_E_jDV.csv,Main Inputs/Indigestible_Prey_jDV.csv,Main Inputs/Pred_E_jDV.csv,NA,NA,NA,NA,NA,NA,NA,NA,NA,NA,NA,FB4_Log_File_Test_PorcyoyDV,TRUE,Daily_Output_Porc_yoyDV
76,Porc yoyDV 76,41,Lake trout,0.506971543,p-value,0.398,32,124,1,13560,FALSE,FALSE,FALSE,FALSE,NA,NA,Main Inputs/Temperature_Porcupine_2044highpgw.csv,Main Inputs/Diet_prop_yoyDV.csv,Main Inputs/Prey_E_jDV.csv,Main Inputs/Indigestible_Prey_jDV.csv,Main Inputs/Pred_E_jDV.csv,NA,NA,NA,NA,NA,NA,NA,NA,NA,NA,NA,FB4_Log_File_Test_PorcyoyDV,TRUE,Daily_Output_Porc_yoyDV
77,Porc yoyDV 77,41,Lake trout,0.022584515,p-value,0.398,32,124,1,13560,FALSE,FALSE,FALSE,FALSE,NA,NA,Main Inputs/Temperature_Porcupine_2054highpgw.csv,Main Inputs/Diet_prop_yoyDV.csv,Main Inputs/Prey_E_jDV.csv,Main Inputs/Indigestible_Prey_jDV.csv,Main Inputs/Pred_E_jDV.csv,NA,NA,NA,NA,NA,NA,NA,NA,NA,NA,NA,FB4_Log_File_Test_PorcyoyDV,TRUE,Daily_Output_Porc_yoyDV
78,Porc yoyDV 78,41,Lake trout,0.040269263,p-value,0.398,32,124,1,13560,FALSE,FALSE,FALSE,FALSE,NA,NA,Main Inputs/Temperature_Porcupine_2054highpgw.csv,Main Inputs/Diet_prop_yoyDV.csv,Main Inputs/Prey_E_jDV.csv,Main Inputs/Indigestible_Prey_jDV.csv,Main Inputs/Pred_E_jDV.csv,NA,NA,NA,NA,NA,NA,NA,NA,NA,NA,NA,FB4_Log_File_Test_PorcyoyDV,TRUE,Daily_Output_Porc_yoyDV
79,Porc yoyDV 79,41,Lake trout,0.065664236,p-value,0.398,32,124,1,13560,FALSE,FALSE,FALSE,FALSE,NA,NA,Main Inputs/Temperature_Porcupine_2054highpgw.csv,Main Inputs/Diet_prop_yoyDV.csv,Main Inputs/Prey_E_jDV.csv,Main Inputs/Indigestible_Prey_jDV.csv,Main Inputs/Pred_E_jDV.csv,NA,NA,NA,NA,NA,NA,NA,NA,NA,NA,NA,FB4_Log_File_Test_PorcyoyDV,TRUE,Daily_Output_Porc_yoyDV
80,Porc yoyDV 80,41,Lake trout,0.076105148,p-value,0.398,32,124,1,13560,FALSE,FALSE,FALSE,FALSE,NA,NA,Main Inputs/Temperature_Porcupine_2054highpgw.csv,Main Inputs/Diet_prop_yoyDV.csv,Main Inputs/Prey_E_jDV.csv,Main Inputs/Indigestible_Prey_jDV.csv,Main Inputs/Pred_E_jDV.csv,NA,NA,NA,NA,NA,NA,NA,NA,NA,NA,NA,FB4_Log_File_Test_PorcyoyDV,TRUE,Daily_Output_Porc_yoyDV
81,Porc yoyDV 81,41,Lake trout,0.100295015,p-value,0.398,32,124,1,13560,FALSE,FALSE,FALSE,FALSE,NA,NA,Main Inputs/Temperature_Porcupine_2054highpgw.csv,Main Inputs/Diet_prop_yoyDV.csv,Main Inputs/Prey_E_jDV.csv,Main Inputs/Indigestible_Prey_jDV.csv,Main Inputs/Pred_E_jDV.csv,NA,NA,NA,NA,NA,NA,NA,NA,NA,NA,NA,FB4_Log_File_Test_PorcyoyDV,TRUE,Daily_Output_Porc_yoyDV
82,Porc yoyDV 82,41,Lake trout,0.114160273,p-value,0.398,32,124,1,13560,FALSE,FALSE,FALSE,FALSE,NA,NA,Main Inputs/Temperature_Porcupine_2054highpgw.csv,Main Inputs/Diet_prop_yoyDV.csv,Main Inputs/Prey_E_jDV.csv,Main Inputs/Indigestible_Prey_jDV.csv,Main Inputs/Pred_E_jDV.csv,NA,NA,NA,NA,NA,NA,NA,NA,NA,NA,NA,FB4_Log_File_Test_PorcyoyDV,TRUE,Daily_Output_Porc_yoyDV
83,Porc yoyDV 83,41,Lake trout,0.129283991,p-value,0.398,32,124,1,13560,FALSE,FALSE,FALSE,FALSE,NA,NA,Main Inputs/Temperature_Porcupine_2054highpgw.csv,Main Inputs/Diet_prop_yoyDV.csv,Main Inputs/Prey_E_jDV.csv,Main Inputs/Indigestible_Prey_jDV.csv,Main Inputs/Pred_E_jDV.csv,NA,NA,NA,NA,NA,NA,NA,NA,NA,NA,NA,FB4_Log_File_Test_PorcyoyDV,TRUE,Daily_Output_Porc_yoyDV
84,Porc yoyDV 84,41,Lake trout,0.145725365,p-value,0.398,32,124,1,13560,FALSE,FALSE,FALSE,FALSE,NA,NA,Main Inputs/Temperature_Porcupine_2054highpgw.csv,Main Inputs/Diet_prop_yoyDV.csv,Main Inputs/Prey_E_jDV.csv,Main Inputs/Indigestible_Prey_jDV.csv,Main Inputs/Pred_E_jDV.csv,NA,NA,NA,NA,NA,NA,NA,NA,NA,NA,NA,FB4_Log_File_Test_PorcyoyDV,TRUE,Daily_Output_Porc_yoyDV
85,Porc yoyDV 85,41,Lake trout,0.163543981,p-value,0.398,32,124,1,13560,FALSE,FALSE,FALSE,FALSE,NA,NA,Main Inputs/Temperature_Porcupine_2054highpgw.csv,Main Inputs/Diet_prop_yoyDV.csv,Main Inputs/Prey_E_jDV.csv,Main Inputs/Indigestible_Prey_jDV.csv,Main Inputs/Pred_E_jDV.csv,NA,NA,NA,NA,NA,NA,NA,NA,NA,NA,NA,FB4_Log_File_Test_PorcyoyDV,TRUE,Daily_Output_Porc_yoyDV
86,Porc yoyDV 86,41,Lake trout,0.18279981,p-value,0.398,32,124,1,13560,FALSE,FALSE,FALSE,FALSE,NA,NA,Main Inputs/Temperature_Porcupine_2054highpgw.csv,Main Inputs/Diet_prop_yoyDV.csv,Main Inputs/Prey_E_jDV.csv,Main Inputs/Indigestible_Prey_jDV.csv,Main Inputs/Pred_E_jDV.csv,NA,NA,NA,NA,NA,NA,NA,NA,NA,NA,NA,FB4_Log_File_Test_PorcyoyDV,TRUE,Daily_Output_Porc_yoyDV
87,Porc yoyDV 87,41,Lake trout,0.203553189,p-value,0.398,32,124,1,13560,FALSE,FALSE,FALSE,FALSE,NA,NA,Main Inputs/Temperature_Porcupine_2054highpgw.csv,Main Inputs/Diet_prop_yoyDV.csv,Main Inputs/Prey_E_jDV.csv,Main Inputs/Indigestible_Prey_jDV.csv,Main Inputs/Pred_E_jDV.csv,NA,NA,NA,NA,NA,NA,NA,NA,NA,NA,NA,FB4_Log_File_Test_PorcyoyDV,TRUE,Daily_Output_Porc_yoyDV
88,Porc yoyDV 88,41,Lake trout,0.225864816,p-value,0.398,32,124,1,13560,FALSE,FALSE,FALSE,FALSE,NA,NA,Main Inputs/Temperature_Porcupine_2054highpgw.csv,Main Inputs/Diet_prop_yoyDV.csv,Main Inputs/Prey_E_jDV.csv,Main Inputs/Indigestible_Prey_jDV.csv,Main Inputs/Pred_E_jDV.csv,NA,NA,NA,NA,NA,NA,NA,NA,NA,NA,NA,FB4_Log_File_Test_PorcyoyDV,TRUE,Daily_Output_Porc_yoyDV
89,Porc yoyDV 89,41,Lake trout,0.249795737,p-value,0.398,32,124,1,13560,FALSE,FALSE,FALSE,FALSE,NA,NA,Main Inputs/Temperature_Porcupine_2054highpgw.csv,Main Inputs/Diet_prop_yoyDV.csv,Main Inputs/Prey_E_jDV.csv,Main Inputs/Indigestible_Prey_jDV.csv,Main Inputs/Pred_E_jDV.csv,NA,NA,NA,NA,NA,NA,NA,NA,NA,NA,NA,FB4_Log_File_Test_PorcyoyDV,TRUE,Daily_Output_Porc_yoyDV
90,Porc yoyDV 90,41,Lake trout,0.302761338,p-value,0.398,32,124,1,13560,FALSE,FALSE,FALSE,FALSE,NA,NA,Main Inputs/Temperature_Porcupine_2054highpgw.csv,Main Inputs/Diet_prop_yoyDV.csv,Main Inputs/Prey_E_jDV.csv,Main Inputs/Indigestible_Prey_jDV.csv,Main Inputs/Pred_E_jDV.csv,NA,NA,NA,NA,NA,NA,NA,NA,NA,NA,NA,FB4_Log_File_Test_PorcyoyDV,TRUE,Daily_Output_Porc_yoyDV
91,Porc yoyDV 91,41,Lake trout,0.331919775,p-value,0.398,32,124,1,13560,FALSE,FALSE,FALSE,FALSE,NA,NA,Main Inputs/Temperature_Porcupine_2054highpgw.csv,Main Inputs/Diet_prop_yoyDV.csv,Main Inputs/Prey_E_jDV.csv,Main Inputs/Indigestible_Prey_jDV.csv,Main Inputs/Pred_E_jDV.csv,NA,NA,NA,NA,NA,NA,NA,NA,NA,NA,NA,FB4_Log_File_Test_PorcyoyDV,TRUE,Daily_Output_Porc_yoyDV
92,Porc yoyDV 92,41,Lake trout,0.362945004,p-value,0.398,32,124,1,13560,FALSE,FALSE,FALSE,FALSE,NA,NA,Main Inputs/Temperature_Porcupine_2054highpgw.csv,Main Inputs/Diet_prop_yoyDV.csv,Main Inputs/Prey_E_jDV.csv,Main Inputs/Indigestible_Prey_jDV.csv,Main Inputs/Pred_E_jDV.csv,NA,NA,NA,NA,NA,NA,NA,NA,NA,NA,NA,FB4_Log_File_Test_PorcyoyDV,TRUE,Daily_Output_Porc_yoyDV
93,Porc yoyDV 93,41,Lake trout,0.430846787,p-value,0.398,32,124,1,13560,FALSE,FALSE,FALSE,FALSE,NA,NA,Main Inputs/Temperature_Porcupine_2054highpgw.csv,Main Inputs/Diet_prop_yoyDV.csv,Main Inputs/Prey_E_jDV.csv,Main Inputs/Indigestible_Prey_jDV.csv,Main Inputs/Pred_E_jDV.csv,NA,NA,NA,NA,NA,NA,NA,NA,NA,NA,NA,FB4_Log_File_Test_PorcyoyDV,TRUE,Daily_Output_Porc_yoyDV
94,Porc yoyDV 94,41,Lake trout,0.467849558,p-value,0.398,32,124,1,13560,FALSE,FALSE,FALSE,FALSE,NA,NA,Main Inputs/Temperature_Porcupine_2054highpgw.csv,Main Inputs/Diet_prop_yoyDV.csv,Main Inputs/Prey_E_jDV.csv,Main Inputs/Indigestible_Prey_jDV.csv,Main Inputs/Pred_E_jDV.csv,NA,NA,NA,NA,NA,NA,NA,NA,NA,NA,NA,FB4_Log_File_Test_PorcyoyDV,TRUE,Daily_Output_Porc_yoyDV
95,Porc yoyDV 95,41,Lake trout,0.506971543,p-value,0.398,32,124,1,13560,FALSE,FALSE,FALSE,FALSE,NA,NA,Main Inputs/Temperature_Porcupine_2054highpgw.csv,Main Inputs/Diet_prop_yoyDV.csv,Main Inputs/Prey_E_jDV.csv,Main Inputs/Indigestible_Prey_jDV.csv,Main Inputs/Pred_E_jDV.csv,NA,NA,NA,NA,NA,NA,NA,NA,NA,NA,NA,FB4_Log_File_Test_PorcyoyDV,TRUE,Daily_Output_Porc_yoyDV
96,Porc yoyDV 96,41,Lake trout,0.022584515,p-value,0.398,32,124,1,13560,FALSE,FALSE,FALSE,FALSE,NA,NA,Main Inputs/Temperature_Porcupine_average_highpgw.csv,Main Inputs/Diet_prop_yoyDV.csv,Main Inputs/Prey_E_jDV.csv,Main Inputs/Indigestible_Prey_jDV.csv,Main Inputs/Pred_E_jDV.csv,NA,NA,NA,NA,NA,NA,NA,NA,NA,NA,NA,FB4_Log_File_Test_PorcyoyDV,TRUE,Daily_Output_Porc_yoyDV
97,Porc yoyDV 97,41,Lake trout,0.040269263,p-value,0.398,32,124,1,13560,FALSE,FALSE,FALSE,FALSE,NA,NA,Main Inputs/Temperature_Porcupine_average_highpgw.csv,Main Inputs/Diet_prop_yoyDV.csv,Main Inputs/Prey_E_jDV.csv,Main Inputs/Indigestible_Prey_jDV.csv,Main Inputs/Pred_E_jDV.csv,NA,NA,NA,NA,NA,NA,NA,NA,NA,NA,NA,FB4_Log_File_Test_PorcyoyDV,TRUE,Daily_Output_Porc_yoyDV
98,Porc yoyDV 98,41,Lake trout,0.065664236,p-value,0.398,32,124,1,13560,FALSE,FALSE,FALSE,FALSE,NA,NA,Main Inputs/Temperature_Porcupine_average_highpgw.csv,Main Inputs/Diet_prop_yoyDV.csv,Main Inputs/Prey_E_jDV.csv,Main Inputs/Indigestible_Prey_jDV.csv,Main Inputs/Pred_E_jDV.csv,NA,NA,NA,NA,NA,NA,NA,NA,NA,NA,NA,FB4_Log_File_Test_PorcyoyDV,TRUE,Daily_Output_Porc_yoyDV
99,Porc yoyDV 99,41,Lake trout,0.076105148,p-value,0.398,32,124,1,13560,FALSE,FALSE,FALSE,FALSE,NA,NA,Main Inputs/Temperature_Porcupine_average_highpgw.csv,Main Inputs/Diet_prop_yoyDV.csv,Main Inputs/Prey_E_jDV.csv,Main Inputs/Indigestible_Prey_jDV.csv,Main Inputs/Pred_E_jDV.csv,NA,NA,NA,NA,NA,NA,NA,NA,NA,NA,NA,FB4_Log_File_Test_PorcyoyDV,TRUE,Daily_Output_Porc_yoyDV
100,Porc yoyDV 100,41,Lake trout,0.100295015,p-value,0.398,32,124,1,13560,FALSE,FALSE,FALSE,FALSE,NA,NA,Main Inputs/Temperature_Porcupine_average_highpgw.csv,Main Inputs/Diet_prop_yoyDV.csv,Main Inputs/Prey_E_jDV.csv,Main Inputs/Indigestible_Prey_jDV.csv,Main Inputs/Pred_E_jDV.csv,NA,NA,NA,NA,NA,NA,NA,NA,NA,NA,NA,FB4_Log_File_Test_PorcyoyDV,TRUE,Daily_Output_Porc_yoyDV
101,Porc yoyDV 101,41,Lake trout,0.114160273,p-value,0.398,32,124,1,13560,FALSE,FALSE,FALSE,FALSE,NA,NA,Main Inputs/Temperature_Porcupine_average_highpgw.csv,Main Inputs/Diet_prop_yoyDV.csv,Main Inputs/Prey_E_jDV.csv,Main Inputs/Indigestible_Prey_jDV.csv,Main Inputs/Pred_E_jDV.csv,NA,NA,NA,NA,NA,NA,NA,NA,NA,NA,NA,FB4_Log_File_Test_PorcyoyDV,TRUE,Daily_Output_Porc_yoyDV
102,Porc yoyDV 102,41,Lake trout,0.129283991,p-value,0.398,32,124,1,13560,FALSE,FALSE,FALSE,FALSE,NA,NA,Main Inputs/Temperature_Porcupine_average_highpgw.csv,Main Inputs/Diet_prop_yoyDV.csv,Main Inputs/Prey_E_jDV.csv,Main Inputs/Indigestible_Prey_jDV.csv,Main Inputs/Pred_E_jDV.csv,NA,NA,NA,NA,NA,NA,NA,NA,NA,NA,NA,FB4_Log_File_Test_PorcyoyDV,TRUE,Daily_Output_Porc_yoyDV
103,Porc yoyDV 103,41,Lake trout,0.145725365,p-value,0.398,32,124,1,13560,FALSE,FALSE,FALSE,FALSE,NA,NA,Main Inputs/Temperature_Porcupine_average_highpgw.csv,Main Inputs/Diet_prop_yoyDV.csv,Main Inputs/Prey_E_jDV.csv,Main Inputs/Indigestible_Prey_jDV.csv,Main Inputs/Pred_E_jDV.csv,NA,NA,NA,NA,NA,NA,NA,NA,NA,NA,NA,FB4_Log_File_Test_PorcyoyDV,TRUE,Daily_Output_Porc_yoyDV
104,Porc yoyDV 104,41,Lake trout,0.163543981,p-value,0.398,32,124,1,13560,FALSE,FALSE,FALSE,FALSE,NA,NA,Main Inputs/Temperature_Porcupine_average_highpgw.csv,Main Inputs/Diet_prop_yoyDV.csv,Main Inputs/Prey_E_jDV.csv,Main Inputs/Indigestible_Prey_jDV.csv,Main Inputs/Pred_E_jDV.csv,NA,NA,NA,NA,NA,NA,NA,NA,NA,NA,NA,FB4_Log_File_Test_PorcyoyDV,TRUE,Daily_Output_Porc_yoyDV
105,Porc yoyDV 105,41,Lake trout,0.18279981,p-value,0.398,32,124,1,13560,FALSE,FALSE,FALSE,FALSE,NA,NA,Main Inputs/Temperature_Porcupine_average_highpgw.csv,Main Inputs/Diet_prop_yoyDV.csv,Main Inputs/Prey_E_jDV.csv,Main Inputs/Indigestible_Prey_jDV.csv,Main Inputs/Pred_E_jDV.csv,NA,NA,NA,NA,NA,NA,NA,NA,NA,NA,NA,FB4_Log_File_Test_PorcyoyDV,TRUE,Daily_Output_Porc_yoyDV
106,Porc yoyDV 106,41,Lake trout,0.203553189,p-value,0.398,32,124,1,13560,FALSE,FALSE,FALSE,FALSE,NA,NA,Main Inputs/Temperature_Porcupine_average_highpgw.csv,Main Inputs/Diet_prop_yoyDV.csv,Main Inputs/Prey_E_jDV.csv,Main Inputs/Indigestible_Prey_jDV.csv,Main Inputs/Pred_E_jDV.csv,NA,NA,NA,NA,NA,NA,NA,NA,NA,NA,NA,FB4_Log_File_Test_PorcyoyDV,TRUE,Daily_Output_Porc_yoyDV
107,Porc yoyDV 107,41,Lake trout,0.225864816,p-value,0.398,32,124,1,13560,FALSE,FALSE,FALSE,FALSE,NA,NA,Main Inputs/Temperature_Porcupine_average_highpgw.csv,Main Inputs/Diet_prop_yoyDV.csv,Main Inputs/Prey_E_jDV.csv,Main Inputs/Indigestible_Prey_jDV.csv,Main Inputs/Pred_E_jDV.csv,NA,NA,NA,NA,NA,NA,NA,NA,NA,NA,NA,FB4_Log_File_Test_PorcyoyDV,TRUE,Daily_Output_Porc_yoyDV
108,Porc yoyDV 108,41,Lake trout,0.249795737,p-value,0.398,32,124,1,13560,FALSE,FALSE,FALSE,FALSE,NA,NA,Main Inputs/Temperature_Porcupine_average_highpgw.csv,Main Inputs/Diet_prop_yoyDV.csv,Main Inputs/Prey_E_jDV.csv,Main Inputs/Indigestible_Prey_jDV.csv,Main Inputs/Pred_E_jDV.csv,NA,NA,NA,NA,NA,NA,NA,NA,NA,NA,NA,FB4_Log_File_Test_PorcyoyDV,TRUE,Daily_Output_Porc_yoyDV
109,Porc yoyDV 109,41,Lake trout,0.302761338,p-value,0.398,32,124,1,13560,FALSE,FALSE,FALSE,FALSE,NA,NA,Main Inputs/Temperature_Porcupine_average_highpgw.csv,Main Inputs/Diet_prop_yoyDV.csv,Main Inputs/Prey_E_jDV.csv,Main Inputs/Indigestible_Prey_jDV.csv,Main Inputs/Pred_E_jDV.csv,NA,NA,NA,NA,NA,NA,NA,NA,NA,NA,NA,FB4_Log_File_Test_PorcyoyDV,TRUE,Daily_Output_Porc_yoyDV
110,Porc yoyDV 110,41,Lake trout,0.331919775,p-value,0.398,32,124,1,13560,FALSE,FALSE,FALSE,FALSE,NA,NA,Main Inputs/Temperature_Porcupine_average_highpgw.csv,Main Inputs/Diet_prop_yoyDV.csv,Main Inputs/Prey_E_jDV.csv,Main Inputs/Indigestible_Prey_jDV.csv,Main Inputs/Pred_E_jDV.csv,NA,NA,NA,NA,NA,NA,NA,NA,NA,NA,NA,FB4_Log_File_Test_PorcyoyDV,TRUE,Daily_Output_Porc_yoyDV
111,Porc yoyDV 111,41,Lake trout,0.362945004,p-value,0.398,32,124,1,13560,FALSE,FALSE,FALSE,FALSE,NA,NA,Main Inputs/Temperature_Porcupine_average_highpgw.csv,Main Inputs/Diet_prop_yoyDV.csv,Main Inputs/Prey_E_jDV.csv,Main Inputs/Indigestible_Prey_jDV.csv,Main Inputs/Pred_E_jDV.csv,NA,NA,NA,NA,NA,NA,NA,NA,NA,NA,NA,FB4_Log_File_Test_PorcyoyDV,TRUE,Daily_Output_Porc_yoyDV
112,Porc yoyDV 112,41,Lake trout,0.430846787,p-value,0.398,32,124,1,13560,FALSE,FALSE,FALSE,FALSE,NA,NA,Main Inputs/Temperature_Porcupine_average_highpgw.csv,Main Inputs/Diet_prop_yoyDV.csv,Main Inputs/Prey_E_jDV.csv,Main Inputs/Indigestible_Prey_jDV.csv,Main Inputs/Pred_E_jDV.csv,NA,NA,NA,NA,NA,NA,NA,NA,NA,NA,NA,FB4_Log_File_Test_PorcyoyDV,TRUE,Daily_Output_Porc_yoyDV
113,Porc yoyDV 113,41,Lake trout,0.467849558,p-value,0.398,32,124,1,13560,FALSE,FALSE,FALSE,FALSE,NA,NA,Main Inputs/Temperature_Porcupine_average_highpgw.csv,Main Inputs/Diet_prop_yoyDV.csv,Main Inputs/Prey_E_jDV.csv,Main Inputs/Indigestible_Prey_jDV.csv,Main Inputs/Pred_E_jDV.csv,NA,NA,NA,NA,NA,NA,NA,NA,NA,NA,NA,FB4_Log_File_Test_PorcyoyDV,TRUE,Daily_Output_Porc_yoyDV
114,Porc yoyDV 114,41,Lake trout,0.506971543,p-value,0.398,32,124,1,13560,FALSE,FALSE,FALSE,FALSE,NA,NA,Main Inputs/Temperature_Porcupine_average_highpgw.csv,Main Inputs/Diet_prop_yoyDV.csv,Main Inputs/Prey_E_jDV.csv,Main Inputs/Indigestible_Prey_jDV.csv,Main Inputs/Pred_E_jDV.csv,NA,NA,NA,NA,NA,NA,NA,NA,NA,NA,NA,FB4_Log_File_Test_PorcyoyDV,TRUE,Daily_Output_Porc_yoyDV
