NRun,Run_Name,Species_Num,Species_txt,Initial_W,fit.to,fit.to.value,First_day,Last_day,N_indiv,Oxycal,calc.pop_mort,calc.spawn,calc.nut,calc.contaminant,Init_pred_conc,contam_eq,T_File,Diet_File,Prey_E_File,Indigest_Prey_File,Pred_E_File,Mort_File,Reprod_File,Contam_Prey_C_File,Contam_assim_File,Contam_TE_File,Phos_Ae_File,Phos_Co_Pred_File,Phos_Co_Prey_File,Nit_Ae_File,Nit_Co_Pred_File,Nit_Co_Prey_File,FB4_Log_File,Save_Daily_Output,Daily_Output_File
1,Low Kusk yoyDV test 1,41,Lake trout,0.225865,Weight,2.14,32,153,1,13560,FALSE,FALSE,FALSE,FALSE,NA,NA,Main Inputs/Temperature_FWS_TeedrinJik_2011.csv,Main Inputs/Diet_prop_yoyDV.csv,Main Inputs/Prey_E_jDV.csv,Main Inputs/Indigestible_Prey_jDV.csv,Main Inputs/Pred_E_jDV.csv,NA,NA,NA,NA,NA,NA,NA,NA,NA,NA,NA,FB4_Log_File_Test_TeedrinjikyoyDVcons,TRUE,Daily_Output_TeedrinjikyoyDVcons
3,Low Kusk yoyDV test 3,41,Lake trout,0.225865,Weight,2.14,32,153,1,13560,FALSE,FALSE,FALSE,FALSE,NA,NA,Main Inputs/Temperature_FWS_TeedrinJik_2012.csv,Main Inputs/Diet_prop_yoyDV.csv,Main Inputs/Prey_E_jDV.csv,Main Inputs/Indigestible_Prey_jDV.csv,Main Inputs/Pred_E_jDV.csv,NA,NA,NA,NA,NA,NA,NA,NA,NA,NA,NA,FB4_Log_File_Test_TeedrinjikyoyDVcons,TRUE,Daily_Output_TeedrinjikyoyDVcons
4,Low Kusk yoyDV test 4,41,Lake trout,0.225865,Weight,2.14,32,153,1,13560,FALSE,FALSE,FALSE,FALSE,NA,NA,Main Inputs/Temperature_FWS_TeedrinJik_2013.csv,Main Inputs/Diet_prop_yoyDV.csv,Main Inputs/Prey_E_jDV.csv,Main Inputs/Indigestible_Prey_jDV.csv,Main Inputs/Pred_E_jDV.csv,NA,NA,NA,NA,NA,NA,NA,NA,NA,NA,NA,FB4_Log_File_Test_TeedrinjikyoyDVcons,TRUE,Daily_Output_TeedrinjikyoyDVcons
5,Low Kusk yoyDV test 5,41,Lake trout,0.225865,Weight,2.14,32,153,1,13560,FALSE,FALSE,FALSE,FALSE,NA,NA,Main Inputs/Temperature_FWS_TeedrinJik_2015.csv,Main Inputs/Diet_prop_yoyDV.csv,Main Inputs/Prey_E_jDV.csv,Main Inputs/Indigestible_Prey_jDV.csv,Main Inputs/Pred_E_jDV.csv,NA,NA,NA,NA,NA,NA,NA,NA,NA,NA,NA,FB4_Log_File_Test_TeedrinjikyoyDVcons,TRUE,Daily_Output_TeedrinjikyoyDVcons
6,Low Kusk yoyDV test 6,41,Lake trout,0.225865,Weight,2.14,32,153,1,13560,FALSE,FALSE,FALSE,FALSE,NA,NA,Main Inputs/Temperature_FWS_TeedrinJik_2016.csv,Main Inputs/Diet_prop_yoyDV.csv,Main Inputs/Prey_E_jDV.csv,Main Inputs/Indigestible_Prey_jDV.csv,Main Inputs/Pred_E_jDV.csv,NA,NA,NA,NA,NA,NA,NA,NA,NA,NA,NA,FB4_Log_File_Test_TeedrinjikyoyDVcons,TRUE,Daily_Output_TeedrinjikyoyDVcons
7,Low Kusk yoyDV test 7,41,Lake trout,0.225865,Weight,2.14,32,153,1,13560,FALSE,FALSE,FALSE,FALSE,NA,NA,Main Inputs/Temperature_FWS_TeedrinJik_2017.csv,Main Inputs/Diet_prop_yoyDV.csv,Main Inputs/Prey_E_jDV.csv,Main Inputs/Indigestible_Prey_jDV.csv,Main Inputs/Pred_E_jDV.csv,NA,NA,NA,NA,NA,NA,NA,NA,NA,NA,NA,FB4_Log_File_Test_TeedrinjikyoyDVcons,TRUE,Daily_Output_TeedrinjikyoyDVcons
8,Low Kusk yoyDV test 8,41,Lake trout,0.225865,Weight,2.14,32,153,1,13560,FALSE,FALSE,FALSE,FALSE,NA,NA,Main Inputs/Temperature_FWS_TeedrinJik_2018.csv,Main Inputs/Diet_prop_yoyDV.csv,Main Inputs/Prey_E_jDV.csv,Main Inputs/Indigestible_Prey_jDV.csv,Main Inputs/Pred_E_jDV.csv,NA,NA,NA,NA,NA,NA,NA,NA,NA,NA,NA,FB4_Log_File_Test_TeedrinjikyoyDVcons,TRUE,Daily_Output_TeedrinjikyoyDVcons
9,Low Kusk yoyDV test 9,41,Lake trout,0.225865,Weight,2.14,32,153,1,13560,FALSE,FALSE,FALSE,FALSE,NA,NA,Main Inputs/Temperature_FWS_TeedrinJik_2019.csv,Main Inputs/Diet_prop_yoyDV.csv,Main Inputs/Prey_E_jDV.csv,Main Inputs/Indigestible_Prey_jDV.csv,Main Inputs/Pred_E_jDV.csv,NA,NA,NA,NA,NA,NA,NA,NA,NA,NA,NA,FB4_Log_File_Test_TeedrinjikyoyDVcons,TRUE,Daily_Output_TeedrinjikyoyDVcons
