NRun,Run_Name,Species_Num,Species_txt,Initial_W,fit.to,fit.to.value,First_day,Last_day,N_indiv,Oxycal,calc.pop_mort,calc.spawn,calc.nut,calc.contaminant,Init_pred_conc,contam_eq,T_File,Diet_File,Prey_E_File,Indigest_Prey_File,Pred_E_File,Mort_File,Reprod_File,Contam_Prey_C_File,Contam_assim_File,Contam_TE_File,Phos_Ae_File,Phos_Co_Pred_File,Phos_Co_Prey_File,Nit_Ae_File,Nit_Co_Pred_File,Nit_Co_Prey_File,FB4_Log_File,Save_Daily_Output,Daily_Output_File
1,Koy yoyDV 1,41,Lake trout,0.022584515,p-value,0.41,32,124,1,13560,FALSE,FALSE,FALSE,FALSE,NA,NA,Main Inputs/Temperature_Koyukuk_2001.csv,Main Inputs/Diet_prop_yoyDV.csv,Main Inputs/Prey_E_jDV.csv,Main Inputs/Indigestible_Prey_jDV.csv,Main Inputs/Pred_E_jDV.csv,NA,NA,NA,NA,NA,NA,NA,NA,NA,NA,NA,FB4_Log_File_Test_KoyyoyDV,TRUE,Daily_Output_Koy_yoyDV
2,Koy yoyDV 2,41,Lake trout,0.040269263,p-value,0.41,32,124,1,13560,FALSE,FALSE,FALSE,FALSE,NA,NA,Main Inputs/Temperature_Koyukuk_2001.csv,Main Inputs/Diet_prop_yoyDV.csv,Main Inputs/Prey_E_jDV.csv,Main Inputs/Indigestible_Prey_jDV.csv,Main Inputs/Pred_E_jDV.csv,NA,NA,NA,NA,NA,NA,NA,NA,NA,NA,NA,FB4_Log_File_Test_KoyyoyDV,TRUE,Daily_Output_Koy_yoyDV
3,Koy yoyDV 3,41,Lake trout,0.065664236,p-value,0.41,32,124,1,13560,FALSE,FALSE,FALSE,FALSE,NA,NA,Main Inputs/Temperature_Koyukuk_2001.csv,Main Inputs/Diet_prop_yoyDV.csv,Main Inputs/Prey_E_jDV.csv,Main Inputs/Indigestible_Prey_jDV.csv,Main Inputs/Pred_E_jDV.csv,NA,NA,NA,NA,NA,NA,NA,NA,NA,NA,NA,FB4_Log_File_Test_KoyyoyDV,TRUE,Daily_Output_Koy_yoyDV
4,Koy yoyDV 4,41,Lake trout,0.076105148,p-value,0.41,32,124,1,13560,FALSE,FALSE,FALSE,FALSE,NA,NA,Main Inputs/Temperature_Koyukuk_2001.csv,Main Inputs/Diet_prop_yoyDV.csv,Main Inputs/Prey_E_jDV.csv,Main Inputs/Indigestible_Prey_jDV.csv,Main Inputs/Pred_E_jDV.csv,NA,NA,NA,NA,NA,NA,NA,NA,NA,NA,NA,FB4_Log_File_Test_KoyyoyDV,TRUE,Daily_Output_Koy_yoyDV
5,Koy yoyDV 5,41,Lake trout,0.100295015,p-value,0.41,32,124,1,13560,FALSE,FALSE,FALSE,FALSE,NA,NA,Main Inputs/Temperature_Koyukuk_2001.csv,Main Inputs/Diet_prop_yoyDV.csv,Main Inputs/Prey_E_jDV.csv,Main Inputs/Indigestible_Prey_jDV.csv,Main Inputs/Pred_E_jDV.csv,NA,NA,NA,NA,NA,NA,NA,NA,NA,NA,NA,FB4_Log_File_Test_KoyyoyDV,TRUE,Daily_Output_Koy_yoyDV
6,Koy yoyDV 6,41,Lake trout,0.114160273,p-value,0.41,32,124,1,13560,FALSE,FALSE,FALSE,FALSE,NA,NA,Main Inputs/Temperature_Koyukuk_2001.csv,Main Inputs/Diet_prop_yoyDV.csv,Main Inputs/Prey_E_jDV.csv,Main Inputs/Indigestible_Prey_jDV.csv,Main Inputs/Pred_E_jDV.csv,NA,NA,NA,NA,NA,NA,NA,NA,NA,NA,NA,FB4_Log_File_Test_KoyyoyDV,TRUE,Daily_Output_Koy_yoyDV
7,Koy yoyDV 7,41,Lake trout,0.129283991,p-value,0.41,32,124,1,13560,FALSE,FALSE,FALSE,FALSE,NA,NA,Main Inputs/Temperature_Koyukuk_2001.csv,Main Inputs/Diet_prop_yoyDV.csv,Main Inputs/Prey_E_jDV.csv,Main Inputs/Indigestible_Prey_jDV.csv,Main Inputs/Pred_E_jDV.csv,NA,NA,NA,NA,NA,NA,NA,NA,NA,NA,NA,FB4_Log_File_Test_KoyyoyDV,TRUE,Daily_Output_Koy_yoyDV
8,Koy yoyDV 8,41,Lake trout,0.145725365,p-value,0.41,32,124,1,13560,FALSE,FALSE,FALSE,FALSE,NA,NA,Main Inputs/Temperature_Koyukuk_2001.csv,Main Inputs/Diet_prop_yoyDV.csv,Main Inputs/Prey_E_jDV.csv,Main Inputs/Indigestible_Prey_jDV.csv,Main Inputs/Pred_E_jDV.csv,NA,NA,NA,NA,NA,NA,NA,NA,NA,NA,NA,FB4_Log_File_Test_KoyyoyDV,TRUE,Daily_Output_Koy_yoyDV
9,Koy yoyDV 9,41,Lake trout,0.163543981,p-value,0.41,32,124,1,13560,FALSE,FALSE,FALSE,FALSE,NA,NA,Main Inputs/Temperature_Koyukuk_2001.csv,Main Inputs/Diet_prop_yoyDV.csv,Main Inputs/Prey_E_jDV.csv,Main Inputs/Indigestible_Prey_jDV.csv,Main Inputs/Pred_E_jDV.csv,NA,NA,NA,NA,NA,NA,NA,NA,NA,NA,NA,FB4_Log_File_Test_KoyyoyDV,TRUE,Daily_Output_Koy_yoyDV
10,Koy yoyDV 10,41,Lake trout,0.18279981,p-value,0.41,32,124,1,13560,FALSE,FALSE,FALSE,FALSE,NA,NA,Main Inputs/Temperature_Koyukuk_2001.csv,Main Inputs/Diet_prop_yoyDV.csv,Main Inputs/Prey_E_jDV.csv,Main Inputs/Indigestible_Prey_jDV.csv,Main Inputs/Pred_E_jDV.csv,NA,NA,NA,NA,NA,NA,NA,NA,NA,NA,NA,FB4_Log_File_Test_KoyyoyDV,TRUE,Daily_Output_Koy_yoyDV
11,Koy yoyDV 11,41,Lake trout,0.203553189,p-value,0.41,32,124,1,13560,FALSE,FALSE,FALSE,FALSE,NA,NA,Main Inputs/Temperature_Koyukuk_2001.csv,Main Inputs/Diet_prop_yoyDV.csv,Main Inputs/Prey_E_jDV.csv,Main Inputs/Indigestible_Prey_jDV.csv,Main Inputs/Pred_E_jDV.csv,NA,NA,NA,NA,NA,NA,NA,NA,NA,NA,NA,FB4_Log_File_Test_KoyyoyDV,TRUE,Daily_Output_Koy_yoyDV
12,Koy yoyDV 12,41,Lake trout,0.225864816,p-value,0.41,32,124,1,13560,FALSE,FALSE,FALSE,FALSE,NA,NA,Main Inputs/Temperature_Koyukuk_2001.csv,Main Inputs/Diet_prop_yoyDV.csv,Main Inputs/Prey_E_jDV.csv,Main Inputs/Indigestible_Prey_jDV.csv,Main Inputs/Pred_E_jDV.csv,NA,NA,NA,NA,NA,NA,NA,NA,NA,NA,NA,FB4_Log_File_Test_KoyyoyDV,TRUE,Daily_Output_Koy_yoyDV
13,Koy yoyDV 13,41,Lake trout,0.249795737,p-value,0.41,32,124,1,13560,FALSE,FALSE,FALSE,FALSE,NA,NA,Main Inputs/Temperature_Koyukuk_2001.csv,Main Inputs/Diet_prop_yoyDV.csv,Main Inputs/Prey_E_jDV.csv,Main Inputs/Indigestible_Prey_jDV.csv,Main Inputs/Pred_E_jDV.csv,NA,NA,NA,NA,NA,NA,NA,NA,NA,NA,NA,FB4_Log_File_Test_KoyyoyDV,TRUE,Daily_Output_Koy_yoyDV
14,Koy yoyDV 14,41,Lake trout,0.302761338,p-value,0.41,32,124,1,13560,FALSE,FALSE,FALSE,FALSE,NA,NA,Main Inputs/Temperature_Koyukuk_2001.csv,Main Inputs/Diet_prop_yoyDV.csv,Main Inputs/Prey_E_jDV.csv,Main Inputs/Indigestible_Prey_jDV.csv,Main Inputs/Pred_E_jDV.csv,NA,NA,NA,NA,NA,NA,NA,NA,NA,NA,NA,FB4_Log_File_Test_KoyyoyDV,TRUE,Daily_Output_Koy_yoyDV
15,Koy yoyDV 15,41,Lake trout,0.331919775,p-value,0.41,32,124,1,13560,FALSE,FALSE,FALSE,FALSE,NA,NA,Main Inputs/Temperature_Koyukuk_2001.csv,Main Inputs/Diet_prop_yoyDV.csv,Main Inputs/Prey_E_jDV.csv,Main Inputs/Indigestible_Prey_jDV.csv,Main Inputs/Pred_E_jDV.csv,NA,NA,NA,NA,NA,NA,NA,NA,NA,NA,NA,FB4_Log_File_Test_KoyyoyDV,TRUE,Daily_Output_Koy_yoyDV
16,Koy yoyDV 16,41,Lake trout,0.362945004,p-value,0.41,32,124,1,13560,FALSE,FALSE,FALSE,FALSE,NA,NA,Main Inputs/Temperature_Koyukuk_2001.csv,Main Inputs/Diet_prop_yoyDV.csv,Main Inputs/Prey_E_jDV.csv,Main Inputs/Indigestible_Prey_jDV.csv,Main Inputs/Pred_E_jDV.csv,NA,NA,NA,NA,NA,NA,NA,NA,NA,NA,NA,FB4_Log_File_Test_KoyyoyDV,TRUE,Daily_Output_Koy_yoyDV
17,Koy yoyDV 17,41,Lake trout,0.430846787,p-value,0.41,32,124,1,13560,FALSE,FALSE,FALSE,FALSE,NA,NA,Main Inputs/Temperature_Koyukuk_2001.csv,Main Inputs/Diet_prop_yoyDV.csv,Main Inputs/Prey_E_jDV.csv,Main Inputs/Indigestible_Prey_jDV.csv,Main Inputs/Pred_E_jDV.csv,NA,NA,NA,NA,NA,NA,NA,NA,NA,NA,NA,FB4_Log_File_Test_KoyyoyDV,TRUE,Daily_Output_Koy_yoyDV
18,Koy yoyDV 18,41,Lake trout,0.467849558,p-value,0.41,32,124,1,13560,FALSE,FALSE,FALSE,FALSE,NA,NA,Main Inputs/Temperature_Koyukuk_2001.csv,Main Inputs/Diet_prop_yoyDV.csv,Main Inputs/Prey_E_jDV.csv,Main Inputs/Indigestible_Prey_jDV.csv,Main Inputs/Pred_E_jDV.csv,NA,NA,NA,NA,NA,NA,NA,NA,NA,NA,NA,FB4_Log_File_Test_KoyyoyDV,TRUE,Daily_Output_Koy_yoyDV
19,Koy yoyDV 19,41,Lake trout,0.506971543,p-value,0.41,32,124,1,13560,FALSE,FALSE,FALSE,FALSE,NA,NA,Main Inputs/Temperature_Koyukuk_2001.csv,Main Inputs/Diet_prop_yoyDV.csv,Main Inputs/Prey_E_jDV.csv,Main Inputs/Indigestible_Prey_jDV.csv,Main Inputs/Pred_E_jDV.csv,NA,NA,NA,NA,NA,NA,NA,NA,NA,NA,NA,FB4_Log_File_Test_KoyyoyDV,TRUE,Daily_Output_Koy_yoyDV
20,Koy yoyDV 20,41,Lake trout,0.022584515,p-value,0.41,32,124,1,13560,FALSE,FALSE,FALSE,FALSE,NA,NA,Main Inputs/Temperature_Koyukuk_2007.csv,Main Inputs/Diet_prop_yoyDV.csv,Main Inputs/Prey_E_jDV.csv,Main Inputs/Indigestible_Prey_jDV.csv,Main Inputs/Pred_E_jDV.csv,NA,NA,NA,NA,NA,NA,NA,NA,NA,NA,NA,FB4_Log_File_Test_KoyyoyDV,TRUE,Daily_Output_Koy_yoyDV
21,Koy yoyDV 21,41,Lake trout,0.040269263,p-value,0.41,32,124,1,13560,FALSE,FALSE,FALSE,FALSE,NA,NA,Main Inputs/Temperature_Koyukuk_2007.csv,Main Inputs/Diet_prop_yoyDV.csv,Main Inputs/Prey_E_jDV.csv,Main Inputs/Indigestible_Prey_jDV.csv,Main Inputs/Pred_E_jDV.csv,NA,NA,NA,NA,NA,NA,NA,NA,NA,NA,NA,FB4_Log_File_Test_KoyyoyDV,TRUE,Daily_Output_Koy_yoyDV
22,Koy yoyDV 22,41,Lake trout,0.065664236,p-value,0.41,32,124,1,13560,FALSE,FALSE,FALSE,FALSE,NA,NA,Main Inputs/Temperature_Koyukuk_2007.csv,Main Inputs/Diet_prop_yoyDV.csv,Main Inputs/Prey_E_jDV.csv,Main Inputs/Indigestible_Prey_jDV.csv,Main Inputs/Pred_E_jDV.csv,NA,NA,NA,NA,NA,NA,NA,NA,NA,NA,NA,FB4_Log_File_Test_KoyyoyDV,TRUE,Daily_Output_Koy_yoyDV
23,Koy yoyDV 23,41,Lake trout,0.076105148,p-value,0.41,32,124,1,13560,FALSE,FALSE,FALSE,FALSE,NA,NA,Main Inputs/Temperature_Koyukuk_2007.csv,Main Inputs/Diet_prop_yoyDV.csv,Main Inputs/Prey_E_jDV.csv,Main Inputs/Indigestible_Prey_jDV.csv,Main Inputs/Pred_E_jDV.csv,NA,NA,NA,NA,NA,NA,NA,NA,NA,NA,NA,FB4_Log_File_Test_KoyyoyDV,TRUE,Daily_Output_Koy_yoyDV
24,Koy yoyDV 24,41,Lake trout,0.100295015,p-value,0.41,32,124,1,13560,FALSE,FALSE,FALSE,FALSE,NA,NA,Main Inputs/Temperature_Koyukuk_2007.csv,Main Inputs/Diet_prop_yoyDV.csv,Main Inputs/Prey_E_jDV.csv,Main Inputs/Indigestible_Prey_jDV.csv,Main Inputs/Pred_E_jDV.csv,NA,NA,NA,NA,NA,NA,NA,NA,NA,NA,NA,FB4_Log_File_Test_KoyyoyDV,TRUE,Daily_Output_Koy_yoyDV
25,Koy yoyDV 25,41,Lake trout,0.114160273,p-value,0.41,32,124,1,13560,FALSE,FALSE,FALSE,FALSE,NA,NA,Main Inputs/Temperature_Koyukuk_2007.csv,Main Inputs/Diet_prop_yoyDV.csv,Main Inputs/Prey_E_jDV.csv,Main Inputs/Indigestible_Prey_jDV.csv,Main Inputs/Pred_E_jDV.csv,NA,NA,NA,NA,NA,NA,NA,NA,NA,NA,NA,FB4_Log_File_Test_KoyyoyDV,TRUE,Daily_Output_Koy_yoyDV
26,Koy yoyDV 26,41,Lake trout,0.129283991,p-value,0.41,32,124,1,13560,FALSE,FALSE,FALSE,FALSE,NA,NA,Main Inputs/Temperature_Koyukuk_2007.csv,Main Inputs/Diet_prop_yoyDV.csv,Main Inputs/Prey_E_jDV.csv,Main Inputs/Indigestible_Prey_jDV.csv,Main Inputs/Pred_E_jDV.csv,NA,NA,NA,NA,NA,NA,NA,NA,NA,NA,NA,FB4_Log_File_Test_KoyyoyDV,TRUE,Daily_Output_Koy_yoyDV
27,Koy yoyDV 27,41,Lake trout,0.145725365,p-value,0.41,32,124,1,13560,FALSE,FALSE,FALSE,FALSE,NA,NA,Main Inputs/Temperature_Koyukuk_2007.csv,Main Inputs/Diet_prop_yoyDV.csv,Main Inputs/Prey_E_jDV.csv,Main Inputs/Indigestible_Prey_jDV.csv,Main Inputs/Pred_E_jDV.csv,NA,NA,NA,NA,NA,NA,NA,NA,NA,NA,NA,FB4_Log_File_Test_KoyyoyDV,TRUE,Daily_Output_Koy_yoyDV
28,Koy yoyDV 28,41,Lake trout,0.163543981,p-value,0.41,32,124,1,13560,FALSE,FALSE,FALSE,FALSE,NA,NA,Main Inputs/Temperature_Koyukuk_2007.csv,Main Inputs/Diet_prop_yoyDV.csv,Main Inputs/Prey_E_jDV.csv,Main Inputs/Indigestible_Prey_jDV.csv,Main Inputs/Pred_E_jDV.csv,NA,NA,NA,NA,NA,NA,NA,NA,NA,NA,NA,FB4_Log_File_Test_KoyyoyDV,TRUE,Daily_Output_Koy_yoyDV
29,Koy yoyDV 29,41,Lake trout,0.18279981,p-value,0.41,32,124,1,13560,FALSE,FALSE,FALSE,FALSE,NA,NA,Main Inputs/Temperature_Koyukuk_2007.csv,Main Inputs/Diet_prop_yoyDV.csv,Main Inputs/Prey_E_jDV.csv,Main Inputs/Indigestible_Prey_jDV.csv,Main Inputs/Pred_E_jDV.csv,NA,NA,NA,NA,NA,NA,NA,NA,NA,NA,NA,FB4_Log_File_Test_KoyyoyDV,TRUE,Daily_Output_Koy_yoyDV
30,Koy yoyDV 30,41,Lake trout,0.203553189,p-value,0.41,32,124,1,13560,FALSE,FALSE,FALSE,FALSE,NA,NA,Main Inputs/Temperature_Koyukuk_2007.csv,Main Inputs/Diet_prop_yoyDV.csv,Main Inputs/Prey_E_jDV.csv,Main Inputs/Indigestible_Prey_jDV.csv,Main Inputs/Pred_E_jDV.csv,NA,NA,NA,NA,NA,NA,NA,NA,NA,NA,NA,FB4_Log_File_Test_KoyyoyDV,TRUE,Daily_Output_Koy_yoyDV
31,Koy yoyDV 31,41,Lake trout,0.225864816,p-value,0.41,32,124,1,13560,FALSE,FALSE,FALSE,FALSE,NA,NA,Main Inputs/Temperature_Koyukuk_2007.csv,Main Inputs/Diet_prop_yoyDV.csv,Main Inputs/Prey_E_jDV.csv,Main Inputs/Indigestible_Prey_jDV.csv,Main Inputs/Pred_E_jDV.csv,NA,NA,NA,NA,NA,NA,NA,NA,NA,NA,NA,FB4_Log_File_Test_KoyyoyDV,TRUE,Daily_Output_Koy_yoyDV
32,Koy yoyDV 32,41,Lake trout,0.249795737,p-value,0.41,32,124,1,13560,FALSE,FALSE,FALSE,FALSE,NA,NA,Main Inputs/Temperature_Koyukuk_2007.csv,Main Inputs/Diet_prop_yoyDV.csv,Main Inputs/Prey_E_jDV.csv,Main Inputs/Indigestible_Prey_jDV.csv,Main Inputs/Pred_E_jDV.csv,NA,NA,NA,NA,NA,NA,NA,NA,NA,NA,NA,FB4_Log_File_Test_KoyyoyDV,TRUE,Daily_Output_Koy_yoyDV
33,Koy yoyDV 33,41,Lake trout,0.302761338,p-value,0.41,32,124,1,13560,FALSE,FALSE,FALSE,FALSE,NA,NA,Main Inputs/Temperature_Koyukuk_2007.csv,Main Inputs/Diet_prop_yoyDV.csv,Main Inputs/Prey_E_jDV.csv,Main Inputs/Indigestible_Prey_jDV.csv,Main Inputs/Pred_E_jDV.csv,NA,NA,NA,NA,NA,NA,NA,NA,NA,NA,NA,FB4_Log_File_Test_KoyyoyDV,TRUE,Daily_Output_Koy_yoyDV
34,Koy yoyDV 34,41,Lake trout,0.331919775,p-value,0.41,32,124,1,13560,FALSE,FALSE,FALSE,FALSE,NA,NA,Main Inputs/Temperature_Koyukuk_2007.csv,Main Inputs/Diet_prop_yoyDV.csv,Main Inputs/Prey_E_jDV.csv,Main Inputs/Indigestible_Prey_jDV.csv,Main Inputs/Pred_E_jDV.csv,NA,NA,NA,NA,NA,NA,NA,NA,NA,NA,NA,FB4_Log_File_Test_KoyyoyDV,TRUE,Daily_Output_Koy_yoyDV
35,Koy yoyDV 35,41,Lake trout,0.362945004,p-value,0.41,32,124,1,13560,FALSE,FALSE,FALSE,FALSE,NA,NA,Main Inputs/Temperature_Koyukuk_2007.csv,Main Inputs/Diet_prop_yoyDV.csv,Main Inputs/Prey_E_jDV.csv,Main Inputs/Indigestible_Prey_jDV.csv,Main Inputs/Pred_E_jDV.csv,NA,NA,NA,NA,NA,NA,NA,NA,NA,NA,NA,FB4_Log_File_Test_KoyyoyDV,TRUE,Daily_Output_Koy_yoyDV
36,Koy yoyDV 36,41,Lake trout,0.430846787,p-value,0.41,32,124,1,13560,FALSE,FALSE,FALSE,FALSE,NA,NA,Main Inputs/Temperature_Koyukuk_2007.csv,Main Inputs/Diet_prop_yoyDV.csv,Main Inputs/Prey_E_jDV.csv,Main Inputs/Indigestible_Prey_jDV.csv,Main Inputs/Pred_E_jDV.csv,NA,NA,NA,NA,NA,NA,NA,NA,NA,NA,NA,FB4_Log_File_Test_KoyyoyDV,TRUE,Daily_Output_Koy_yoyDV
37,Koy yoyDV 37,41,Lake trout,0.467849558,p-value,0.41,32,124,1,13560,FALSE,FALSE,FALSE,FALSE,NA,NA,Main Inputs/Temperature_Koyukuk_2007.csv,Main Inputs/Diet_prop_yoyDV.csv,Main Inputs/Prey_E_jDV.csv,Main Inputs/Indigestible_Prey_jDV.csv,Main Inputs/Pred_E_jDV.csv,NA,NA,NA,NA,NA,NA,NA,NA,NA,NA,NA,FB4_Log_File_Test_KoyyoyDV,TRUE,Daily_Output_Koy_yoyDV
38,Koy yoyDV 38,41,Lake trout,0.506971543,p-value,0.41,32,124,1,13560,FALSE,FALSE,FALSE,FALSE,NA,NA,Main Inputs/Temperature_Koyukuk_2007.csv,Main Inputs/Diet_prop_yoyDV.csv,Main Inputs/Prey_E_jDV.csv,Main Inputs/Indigestible_Prey_jDV.csv,Main Inputs/Pred_E_jDV.csv,NA,NA,NA,NA,NA,NA,NA,NA,NA,NA,NA,FB4_Log_File_Test_KoyyoyDV,TRUE,Daily_Output_Koy_yoyDV
39,Koy yoyDV 39,41,Lake trout,0.022584515,p-value,0.41,32,124,1,13560,FALSE,FALSE,FALSE,FALSE,NA,NA,Main Inputs/Temperature_Koyukuk_average.csv,Main Inputs/Diet_prop_yoyDV.csv,Main Inputs/Prey_E_jDV.csv,Main Inputs/Indigestible_Prey_jDV.csv,Main Inputs/Pred_E_jDV.csv,NA,NA,NA,NA,NA,NA,NA,NA,NA,NA,NA,FB4_Log_File_Test_KoyyoyDV,TRUE,Daily_Output_Koy_yoyDV
40,Koy yoyDV 40,41,Lake trout,0.040269263,p-value,0.41,32,124,1,13560,FALSE,FALSE,FALSE,FALSE,NA,NA,Main Inputs/Temperature_Koyukuk_average.csv,Main Inputs/Diet_prop_yoyDV.csv,Main Inputs/Prey_E_jDV.csv,Main Inputs/Indigestible_Prey_jDV.csv,Main Inputs/Pred_E_jDV.csv,NA,NA,NA,NA,NA,NA,NA,NA,NA,NA,NA,FB4_Log_File_Test_KoyyoyDV,TRUE,Daily_Output_Koy_yoyDV
41,Koy yoyDV 41,41,Lake trout,0.065664236,p-value,0.41,32,124,1,13560,FALSE,FALSE,FALSE,FALSE,NA,NA,Main Inputs/Temperature_Koyukuk_average.csv,Main Inputs/Diet_prop_yoyDV.csv,Main Inputs/Prey_E_jDV.csv,Main Inputs/Indigestible_Prey_jDV.csv,Main Inputs/Pred_E_jDV.csv,NA,NA,NA,NA,NA,NA,NA,NA,NA,NA,NA,FB4_Log_File_Test_KoyyoyDV,TRUE,Daily_Output_Koy_yoyDV
42,Koy yoyDV 42,41,Lake trout,0.076105148,p-value,0.41,32,124,1,13560,FALSE,FALSE,FALSE,FALSE,NA,NA,Main Inputs/Temperature_Koyukuk_average.csv,Main Inputs/Diet_prop_yoyDV.csv,Main Inputs/Prey_E_jDV.csv,Main Inputs/Indigestible_Prey_jDV.csv,Main Inputs/Pred_E_jDV.csv,NA,NA,NA,NA,NA,NA,NA,NA,NA,NA,NA,FB4_Log_File_Test_KoyyoyDV,TRUE,Daily_Output_Koy_yoyDV
43,Koy yoyDV 43,41,Lake trout,0.100295015,p-value,0.41,32,124,1,13560,FALSE,FALSE,FALSE,FALSE,NA,NA,Main Inputs/Temperature_Koyukuk_average.csv,Main Inputs/Diet_prop_yoyDV.csv,Main Inputs/Prey_E_jDV.csv,Main Inputs/Indigestible_Prey_jDV.csv,Main Inputs/Pred_E_jDV.csv,NA,NA,NA,NA,NA,NA,NA,NA,NA,NA,NA,FB4_Log_File_Test_KoyyoyDV,TRUE,Daily_Output_Koy_yoyDV
44,Koy yoyDV 44,41,Lake trout,0.114160273,p-value,0.41,32,124,1,13560,FALSE,FALSE,FALSE,FALSE,NA,NA,Main Inputs/Temperature_Koyukuk_average.csv,Main Inputs/Diet_prop_yoyDV.csv,Main Inputs/Prey_E_jDV.csv,Main Inputs/Indigestible_Prey_jDV.csv,Main Inputs/Pred_E_jDV.csv,NA,NA,NA,NA,NA,NA,NA,NA,NA,NA,NA,FB4_Log_File_Test_KoyyoyDV,TRUE,Daily_Output_Koy_yoyDV
45,Koy yoyDV 45,41,Lake trout,0.129283991,p-value,0.41,32,124,1,13560,FALSE,FALSE,FALSE,FALSE,NA,NA,Main Inputs/Temperature_Koyukuk_average.csv,Main Inputs/Diet_prop_yoyDV.csv,Main Inputs/Prey_E_jDV.csv,Main Inputs/Indigestible_Prey_jDV.csv,Main Inputs/Pred_E_jDV.csv,NA,NA,NA,NA,NA,NA,NA,NA,NA,NA,NA,FB4_Log_File_Test_KoyyoyDV,TRUE,Daily_Output_Koy_yoyDV
46,Koy yoyDV 46,41,Lake trout,0.145725365,p-value,0.41,32,124,1,13560,FALSE,FALSE,FALSE,FALSE,NA,NA,Main Inputs/Temperature_Koyukuk_average.csv,Main Inputs/Diet_prop_yoyDV.csv,Main Inputs/Prey_E_jDV.csv,Main Inputs/Indigestible_Prey_jDV.csv,Main Inputs/Pred_E_jDV.csv,NA,NA,NA,NA,NA,NA,NA,NA,NA,NA,NA,FB4_Log_File_Test_KoyyoyDV,TRUE,Daily_Output_Koy_yoyDV
47,Koy yoyDV 47,41,Lake trout,0.163543981,p-value,0.41,32,124,1,13560,FALSE,FALSE,FALSE,FALSE,NA,NA,Main Inputs/Temperature_Koyukuk_average.csv,Main Inputs/Diet_prop_yoyDV.csv,Main Inputs/Prey_E_jDV.csv,Main Inputs/Indigestible_Prey_jDV.csv,Main Inputs/Pred_E_jDV.csv,NA,NA,NA,NA,NA,NA,NA,NA,NA,NA,NA,FB4_Log_File_Test_KoyyoyDV,TRUE,Daily_Output_Koy_yoyDV
48,Koy yoyDV 48,41,Lake trout,0.18279981,p-value,0.41,32,124,1,13560,FALSE,FALSE,FALSE,FALSE,NA,NA,Main Inputs/Temperature_Koyukuk_average.csv,Main Inputs/Diet_prop_yoyDV.csv,Main Inputs/Prey_E_jDV.csv,Main Inputs/Indigestible_Prey_jDV.csv,Main Inputs/Pred_E_jDV.csv,NA,NA,NA,NA,NA,NA,NA,NA,NA,NA,NA,FB4_Log_File_Test_KoyyoyDV,TRUE,Daily_Output_Koy_yoyDV
49,Koy yoyDV 49,41,Lake trout,0.203553189,p-value,0.41,32,124,1,13560,FALSE,FALSE,FALSE,FALSE,NA,NA,Main Inputs/Temperature_Koyukuk_average.csv,Main Inputs/Diet_prop_yoyDV.csv,Main Inputs/Prey_E_jDV.csv,Main Inputs/Indigestible_Prey_jDV.csv,Main Inputs/Pred_E_jDV.csv,NA,NA,NA,NA,NA,NA,NA,NA,NA,NA,NA,FB4_Log_File_Test_KoyyoyDV,TRUE,Daily_Output_Koy_yoyDV
50,Koy yoyDV 50,41,Lake trout,0.225864816,p-value,0.41,32,124,1,13560,FALSE,FALSE,FALSE,FALSE,NA,NA,Main Inputs/Temperature_Koyukuk_average.csv,Main Inputs/Diet_prop_yoyDV.csv,Main Inputs/Prey_E_jDV.csv,Main Inputs/Indigestible_Prey_jDV.csv,Main Inputs/Pred_E_jDV.csv,NA,NA,NA,NA,NA,NA,NA,NA,NA,NA,NA,FB4_Log_File_Test_KoyyoyDV,TRUE,Daily_Output_Koy_yoyDV
51,Koy yoyDV 51,41,Lake trout,0.249795737,p-value,0.41,32,124,1,13560,FALSE,FALSE,FALSE,FALSE,NA,NA,Main Inputs/Temperature_Koyukuk_average.csv,Main Inputs/Diet_prop_yoyDV.csv,Main Inputs/Prey_E_jDV.csv,Main Inputs/Indigestible_Prey_jDV.csv,Main Inputs/Pred_E_jDV.csv,NA,NA,NA,NA,NA,NA,NA,NA,NA,NA,NA,FB4_Log_File_Test_KoyyoyDV,TRUE,Daily_Output_Koy_yoyDV
52,Koy yoyDV 52,41,Lake trout,0.302761338,p-value,0.41,32,124,1,13560,FALSE,FALSE,FALSE,FALSE,NA,NA,Main Inputs/Temperature_Koyukuk_average.csv,Main Inputs/Diet_prop_yoyDV.csv,Main Inputs/Prey_E_jDV.csv,Main Inputs/Indigestible_Prey_jDV.csv,Main Inputs/Pred_E_jDV.csv,NA,NA,NA,NA,NA,NA,NA,NA,NA,NA,NA,FB4_Log_File_Test_KoyyoyDV,TRUE,Daily_Output_Koy_yoyDV
53,Koy yoyDV 53,41,Lake trout,0.331919775,p-value,0.41,32,124,1,13560,FALSE,FALSE,FALSE,FALSE,NA,NA,Main Inputs/Temperature_Koyukuk_average.csv,Main Inputs/Diet_prop_yoyDV.csv,Main Inputs/Prey_E_jDV.csv,Main Inputs/Indigestible_Prey_jDV.csv,Main Inputs/Pred_E_jDV.csv,NA,NA,NA,NA,NA,NA,NA,NA,NA,NA,NA,FB4_Log_File_Test_KoyyoyDV,TRUE,Daily_Output_Koy_yoyDV
54,Koy yoyDV 54,41,Lake trout,0.362945004,p-value,0.41,32,124,1,13560,FALSE,FALSE,FALSE,FALSE,NA,NA,Main Inputs/Temperature_Koyukuk_average.csv,Main Inputs/Diet_prop_yoyDV.csv,Main Inputs/Prey_E_jDV.csv,Main Inputs/Indigestible_Prey_jDV.csv,Main Inputs/Pred_E_jDV.csv,NA,NA,NA,NA,NA,NA,NA,NA,NA,NA,NA,FB4_Log_File_Test_KoyyoyDV,TRUE,Daily_Output_Koy_yoyDV
55,Koy yoyDV 55,41,Lake trout,0.430846787,p-value,0.41,32,124,1,13560,FALSE,FALSE,FALSE,FALSE,NA,NA,Main Inputs/Temperature_Koyukuk_average.csv,Main Inputs/Diet_prop_yoyDV.csv,Main Inputs/Prey_E_jDV.csv,Main Inputs/Indigestible_Prey_jDV.csv,Main Inputs/Pred_E_jDV.csv,NA,NA,NA,NA,NA,NA,NA,NA,NA,NA,NA,FB4_Log_File_Test_KoyyoyDV,TRUE,Daily_Output_Koy_yoyDV
56,Koy yoyDV 56,41,Lake trout,0.467849558,p-value,0.41,32,124,1,13560,FALSE,FALSE,FALSE,FALSE,NA,NA,Main Inputs/Temperature_Koyukuk_average.csv,Main Inputs/Diet_prop_yoyDV.csv,Main Inputs/Prey_E_jDV.csv,Main Inputs/Indigestible_Prey_jDV.csv,Main Inputs/Pred_E_jDV.csv,NA,NA,NA,NA,NA,NA,NA,NA,NA,NA,NA,FB4_Log_File_Test_KoyyoyDV,TRUE,Daily_Output_Koy_yoyDV
57,Koy yoyDV 57,41,Lake trout,0.506971543,p-value,0.41,32,124,1,13560,FALSE,FALSE,FALSE,FALSE,NA,NA,Main Inputs/Temperature_Koyukuk_average.csv,Main Inputs/Diet_prop_yoyDV.csv,Main Inputs/Prey_E_jDV.csv,Main Inputs/Indigestible_Prey_jDV.csv,Main Inputs/Pred_E_jDV.csv,NA,NA,NA,NA,NA,NA,NA,NA,NA,NA,NA,FB4_Log_File_Test_KoyyoyDV,TRUE,Daily_Output_Koy_yoyDV
58,Koy yoyDV 58,41,Lake trout,0.022584515,p-value,0.41,32,124,1,13560,FALSE,FALSE,FALSE,FALSE,NA,NA,Main Inputs/Temperature_Koyukuk_2044highpgw.csv,Main Inputs/Diet_prop_yoyDV.csv,Main Inputs/Prey_E_jDV.csv,Main Inputs/Indigestible_Prey_jDV.csv,Main Inputs/Pred_E_jDV.csv,NA,NA,NA,NA,NA,NA,NA,NA,NA,NA,NA,FB4_Log_File_Test_KoyyoyDV,TRUE,Daily_Output_Koy_yoyDV
59,Koy yoyDV 59,41,Lake trout,0.040269263,p-value,0.41,32,124,1,13560,FALSE,FALSE,FALSE,FALSE,NA,NA,Main Inputs/Temperature_Koyukuk_2044highpgw.csv,Main Inputs/Diet_prop_yoyDV.csv,Main Inputs/Prey_E_jDV.csv,Main Inputs/Indigestible_Prey_jDV.csv,Main Inputs/Pred_E_jDV.csv,NA,NA,NA,NA,NA,NA,NA,NA,NA,NA,NA,FB4_Log_File_Test_KoyyoyDV,TRUE,Daily_Output_Koy_yoyDV
60,Koy yoyDV 60,41,Lake trout,0.065664236,p-value,0.41,32,124,1,13560,FALSE,FALSE,FALSE,FALSE,NA,NA,Main Inputs/Temperature_Koyukuk_2044highpgw.csv,Main Inputs/Diet_prop_yoyDV.csv,Main Inputs/Prey_E_jDV.csv,Main Inputs/Indigestible_Prey_jDV.csv,Main Inputs/Pred_E_jDV.csv,NA,NA,NA,NA,NA,NA,NA,NA,NA,NA,NA,FB4_Log_File_Test_KoyyoyDV,TRUE,Daily_Output_Koy_yoyDV
61,Koy yoyDV 61,41,Lake trout,0.076105148,p-value,0.41,32,124,1,13560,FALSE,FALSE,FALSE,FALSE,NA,NA,Main Inputs/Temperature_Koyukuk_2044highpgw.csv,Main Inputs/Diet_prop_yoyDV.csv,Main Inputs/Prey_E_jDV.csv,Main Inputs/Indigestible_Prey_jDV.csv,Main Inputs/Pred_E_jDV.csv,NA,NA,NA,NA,NA,NA,NA,NA,NA,NA,NA,FB4_Log_File_Test_KoyyoyDV,TRUE,Daily_Output_Koy_yoyDV
62,Koy yoyDV 62,41,Lake trout,0.100295015,p-value,0.41,32,124,1,13560,FALSE,FALSE,FALSE,FALSE,NA,NA,Main Inputs/Temperature_Koyukuk_2044highpgw.csv,Main Inputs/Diet_prop_yoyDV.csv,Main Inputs/Prey_E_jDV.csv,Main Inputs/Indigestible_Prey_jDV.csv,Main Inputs/Pred_E_jDV.csv,NA,NA,NA,NA,NA,NA,NA,NA,NA,NA,NA,FB4_Log_File_Test_KoyyoyDV,TRUE,Daily_Output_Koy_yoyDV
63,Koy yoyDV 63,41,Lake trout,0.114160273,p-value,0.41,32,124,1,13560,FALSE,FALSE,FALSE,FALSE,NA,NA,Main Inputs/Temperature_Koyukuk_2044highpgw.csv,Main Inputs/Diet_prop_yoyDV.csv,Main Inputs/Prey_E_jDV.csv,Main Inputs/Indigestible_Prey_jDV.csv,Main Inputs/Pred_E_jDV.csv,NA,NA,NA,NA,NA,NA,NA,NA,NA,NA,NA,FB4_Log_File_Test_KoyyoyDV,TRUE,Daily_Output_Koy_yoyDV
64,Koy yoyDV 64,41,Lake trout,0.129283991,p-value,0.41,32,124,1,13560,FALSE,FALSE,FALSE,FALSE,NA,NA,Main Inputs/Temperature_Koyukuk_2044highpgw.csv,Main Inputs/Diet_prop_yoyDV.csv,Main Inputs/Prey_E_jDV.csv,Main Inputs/Indigestible_Prey_jDV.csv,Main Inputs/Pred_E_jDV.csv,NA,NA,NA,NA,NA,NA,NA,NA,NA,NA,NA,FB4_Log_File_Test_KoyyoyDV,TRUE,Daily_Output_Koy_yoyDV
65,Koy yoyDV 65,41,Lake trout,0.145725365,p-value,0.41,32,124,1,13560,FALSE,FALSE,FALSE,FALSE,NA,NA,Main Inputs/Temperature_Koyukuk_2044highpgw.csv,Main Inputs/Diet_prop_yoyDV.csv,Main Inputs/Prey_E_jDV.csv,Main Inputs/Indigestible_Prey_jDV.csv,Main Inputs/Pred_E_jDV.csv,NA,NA,NA,NA,NA,NA,NA,NA,NA,NA,NA,FB4_Log_File_Test_KoyyoyDV,TRUE,Daily_Output_Koy_yoyDV
66,Koy yoyDV 66,41,Lake trout,0.163543981,p-value,0.41,32,124,1,13560,FALSE,FALSE,FALSE,FALSE,NA,NA,Main Inputs/Temperature_Koyukuk_2044highpgw.csv,Main Inputs/Diet_prop_yoyDV.csv,Main Inputs/Prey_E_jDV.csv,Main Inputs/Indigestible_Prey_jDV.csv,Main Inputs/Pred_E_jDV.csv,NA,NA,NA,NA,NA,NA,NA,NA,NA,NA,NA,FB4_Log_File_Test_KoyyoyDV,TRUE,Daily_Output_Koy_yoyDV
67,Koy yoyDV 67,41,Lake trout,0.18279981,p-value,0.41,32,124,1,13560,FALSE,FALSE,FALSE,FALSE,NA,NA,Main Inputs/Temperature_Koyukuk_2044highpgw.csv,Main Inputs/Diet_prop_yoyDV.csv,Main Inputs/Prey_E_jDV.csv,Main Inputs/Indigestible_Prey_jDV.csv,Main Inputs/Pred_E_jDV.csv,NA,NA,NA,NA,NA,NA,NA,NA,NA,NA,NA,FB4_Log_File_Test_KoyyoyDV,TRUE,Daily_Output_Koy_yoyDV
68,Koy yoyDV 68,41,Lake trout,0.203553189,p-value,0.41,32,124,1,13560,FALSE,FALSE,FALSE,FALSE,NA,NA,Main Inputs/Temperature_Koyukuk_2044highpgw.csv,Main Inputs/Diet_prop_yoyDV.csv,Main Inputs/Prey_E_jDV.csv,Main Inputs/Indigestible_Prey_jDV.csv,Main Inputs/Pred_E_jDV.csv,NA,NA,NA,NA,NA,NA,NA,NA,NA,NA,NA,FB4_Log_File_Test_KoyyoyDV,TRUE,Daily_Output_Koy_yoyDV
69,Koy yoyDV 69,41,Lake trout,0.225864816,p-value,0.41,32,124,1,13560,FALSE,FALSE,FALSE,FALSE,NA,NA,Main Inputs/Temperature_Koyukuk_2044highpgw.csv,Main Inputs/Diet_prop_yoyDV.csv,Main Inputs/Prey_E_jDV.csv,Main Inputs/Indigestible_Prey_jDV.csv,Main Inputs/Pred_E_jDV.csv,NA,NA,NA,NA,NA,NA,NA,NA,NA,NA,NA,FB4_Log_File_Test_KoyyoyDV,TRUE,Daily_Output_Koy_yoyDV
70,Koy yoyDV 70,41,Lake trout,0.249795737,p-value,0.41,32,124,1,13560,FALSE,FALSE,FALSE,FALSE,NA,NA,Main Inputs/Temperature_Koyukuk_2044highpgw.csv,Main Inputs/Diet_prop_yoyDV.csv,Main Inputs/Prey_E_jDV.csv,Main Inputs/Indigestible_Prey_jDV.csv,Main Inputs/Pred_E_jDV.csv,NA,NA,NA,NA,NA,NA,NA,NA,NA,NA,NA,FB4_Log_File_Test_KoyyoyDV,TRUE,Daily_Output_Koy_yoyDV
71,Koy yoyDV 71,41,Lake trout,0.302761338,p-value,0.41,32,124,1,13560,FALSE,FALSE,FALSE,FALSE,NA,NA,Main Inputs/Temperature_Koyukuk_2044highpgw.csv,Main Inputs/Diet_prop_yoyDV.csv,Main Inputs/Prey_E_jDV.csv,Main Inputs/Indigestible_Prey_jDV.csv,Main Inputs/Pred_E_jDV.csv,NA,NA,NA,NA,NA,NA,NA,NA,NA,NA,NA,FB4_Log_File_Test_KoyyoyDV,TRUE,Daily_Output_Koy_yoyDV
72,Koy yoyDV 72,41,Lake trout,0.331919775,p-value,0.41,32,124,1,13560,FALSE,FALSE,FALSE,FALSE,NA,NA,Main Inputs/Temperature_Koyukuk_2044highpgw.csv,Main Inputs/Diet_prop_yoyDV.csv,Main Inputs/Prey_E_jDV.csv,Main Inputs/Indigestible_Prey_jDV.csv,Main Inputs/Pred_E_jDV.csv,NA,NA,NA,NA,NA,NA,NA,NA,NA,NA,NA,FB4_Log_File_Test_KoyyoyDV,TRUE,Daily_Output_Koy_yoyDV
73,Koy yoyDV 73,41,Lake trout,0.362945004,p-value,0.41,32,124,1,13560,FALSE,FALSE,FALSE,FALSE,NA,NA,Main Inputs/Temperature_Koyukuk_2044highpgw.csv,Main Inputs/Diet_prop_yoyDV.csv,Main Inputs/Prey_E_jDV.csv,Main Inputs/Indigestible_Prey_jDV.csv,Main Inputs/Pred_E_jDV.csv,NA,NA,NA,NA,NA,NA,NA,NA,NA,NA,NA,FB4_Log_File_Test_KoyyoyDV,TRUE,Daily_Output_Koy_yoyDV
74,Koy yoyDV 74,41,Lake trout,0.430846787,p-value,0.41,32,124,1,13560,FALSE,FALSE,FALSE,FALSE,NA,NA,Main Inputs/Temperature_Koyukuk_2044highpgw.csv,Main Inputs/Diet_prop_yoyDV.csv,Main Inputs/Prey_E_jDV.csv,Main Inputs/Indigestible_Prey_jDV.csv,Main Inputs/Pred_E_jDV.csv,NA,NA,NA,NA,NA,NA,NA,NA,NA,NA,NA,FB4_Log_File_Test_KoyyoyDV,TRUE,Daily_Output_Koy_yoyDV
75,Koy yoyDV 75,41,Lake trout,0.467849558,p-value,0.41,32,124,1,13560,FALSE,FALSE,FALSE,FALSE,NA,NA,Main Inputs/Temperature_Koyukuk_2044highpgw.csv,Main Inputs/Diet_prop_yoyDV.csv,Main Inputs/Prey_E_jDV.csv,Main Inputs/Indigestible_Prey_jDV.csv,Main Inputs/Pred_E_jDV.csv,NA,NA,NA,NA,NA,NA,NA,NA,NA,NA,NA,FB4_Log_File_Test_KoyyoyDV,TRUE,Daily_Output_Koy_yoyDV
76,Koy yoyDV 76,41,Lake trout,0.506971543,p-value,0.41,32,124,1,13560,FALSE,FALSE,FALSE,FALSE,NA,NA,Main Inputs/Temperature_Koyukuk_2044highpgw.csv,Main Inputs/Diet_prop_yoyDV.csv,Main Inputs/Prey_E_jDV.csv,Main Inputs/Indigestible_Prey_jDV.csv,Main Inputs/Pred_E_jDV.csv,NA,NA,NA,NA,NA,NA,NA,NA,NA,NA,NA,FB4_Log_File_Test_KoyyoyDV,TRUE,Daily_Output_Koy_yoyDV
77,Koy yoyDV 77,41,Lake trout,0.022584515,p-value,0.41,32,124,1,13560,FALSE,FALSE,FALSE,FALSE,NA,NA,Main Inputs/Temperature_Koyukuk_2063highpgw.csv,Main Inputs/Diet_prop_yoyDV.csv,Main Inputs/Prey_E_jDV.csv,Main Inputs/Indigestible_Prey_jDV.csv,Main Inputs/Pred_E_jDV.csv,NA,NA,NA,NA,NA,NA,NA,NA,NA,NA,NA,FB4_Log_File_Test_KoyyoyDV,TRUE,Daily_Output_Koy_yoyDV
78,Koy yoyDV 78,41,Lake trout,0.040269263,p-value,0.41,32,124,1,13560,FALSE,FALSE,FALSE,FALSE,NA,NA,Main Inputs/Temperature_Koyukuk_2063highpgw.csv,Main Inputs/Diet_prop_yoyDV.csv,Main Inputs/Prey_E_jDV.csv,Main Inputs/Indigestible_Prey_jDV.csv,Main Inputs/Pred_E_jDV.csv,NA,NA,NA,NA,NA,NA,NA,NA,NA,NA,NA,FB4_Log_File_Test_KoyyoyDV,TRUE,Daily_Output_Koy_yoyDV
79,Koy yoyDV 79,41,Lake trout,0.065664236,p-value,0.41,32,124,1,13560,FALSE,FALSE,FALSE,FALSE,NA,NA,Main Inputs/Temperature_Koyukuk_2063highpgw.csv,Main Inputs/Diet_prop_yoyDV.csv,Main Inputs/Prey_E_jDV.csv,Main Inputs/Indigestible_Prey_jDV.csv,Main Inputs/Pred_E_jDV.csv,NA,NA,NA,NA,NA,NA,NA,NA,NA,NA,NA,FB4_Log_File_Test_KoyyoyDV,TRUE,Daily_Output_Koy_yoyDV
80,Koy yoyDV 80,41,Lake trout,0.076105148,p-value,0.41,32,124,1,13560,FALSE,FALSE,FALSE,FALSE,NA,NA,Main Inputs/Temperature_Koyukuk_2063highpgw.csv,Main Inputs/Diet_prop_yoyDV.csv,Main Inputs/Prey_E_jDV.csv,Main Inputs/Indigestible_Prey_jDV.csv,Main Inputs/Pred_E_jDV.csv,NA,NA,NA,NA,NA,NA,NA,NA,NA,NA,NA,FB4_Log_File_Test_KoyyoyDV,TRUE,Daily_Output_Koy_yoyDV
81,Koy yoyDV 81,41,Lake trout,0.100295015,p-value,0.41,32,124,1,13560,FALSE,FALSE,FALSE,FALSE,NA,NA,Main Inputs/Temperature_Koyukuk_2063highpgw.csv,Main Inputs/Diet_prop_yoyDV.csv,Main Inputs/Prey_E_jDV.csv,Main Inputs/Indigestible_Prey_jDV.csv,Main Inputs/Pred_E_jDV.csv,NA,NA,NA,NA,NA,NA,NA,NA,NA,NA,NA,FB4_Log_File_Test_KoyyoyDV,TRUE,Daily_Output_Koy_yoyDV
82,Koy yoyDV 82,41,Lake trout,0.114160273,p-value,0.41,32,124,1,13560,FALSE,FALSE,FALSE,FALSE,NA,NA,Main Inputs/Temperature_Koyukuk_2063highpgw.csv,Main Inputs/Diet_prop_yoyDV.csv,Main Inputs/Prey_E_jDV.csv,Main Inputs/Indigestible_Prey_jDV.csv,Main Inputs/Pred_E_jDV.csv,NA,NA,NA,NA,NA,NA,NA,NA,NA,NA,NA,FB4_Log_File_Test_KoyyoyDV,TRUE,Daily_Output_Koy_yoyDV
83,Koy yoyDV 83,41,Lake trout,0.129283991,p-value,0.41,32,124,1,13560,FALSE,FALSE,FALSE,FALSE,NA,NA,Main Inputs/Temperature_Koyukuk_2063highpgw.csv,Main Inputs/Diet_prop_yoyDV.csv,Main Inputs/Prey_E_jDV.csv,Main Inputs/Indigestible_Prey_jDV.csv,Main Inputs/Pred_E_jDV.csv,NA,NA,NA,NA,NA,NA,NA,NA,NA,NA,NA,FB4_Log_File_Test_KoyyoyDV,TRUE,Daily_Output_Koy_yoyDV
84,Koy yoyDV 84,41,Lake trout,0.145725365,p-value,0.41,32,124,1,13560,FALSE,FALSE,FALSE,FALSE,NA,NA,Main Inputs/Temperature_Koyukuk_2063highpgw.csv,Main Inputs/Diet_prop_yoyDV.csv,Main Inputs/Prey_E_jDV.csv,Main Inputs/Indigestible_Prey_jDV.csv,Main Inputs/Pred_E_jDV.csv,NA,NA,NA,NA,NA,NA,NA,NA,NA,NA,NA,FB4_Log_File_Test_KoyyoyDV,TRUE,Daily_Output_Koy_yoyDV
85,Koy yoyDV 85,41,Lake trout,0.163543981,p-value,0.41,32,124,1,13560,FALSE,FALSE,FALSE,FALSE,NA,NA,Main Inputs/Temperature_Koyukuk_2063highpgw.csv,Main Inputs/Diet_prop_yoyDV.csv,Main Inputs/Prey_E_jDV.csv,Main Inputs/Indigestible_Prey_jDV.csv,Main Inputs/Pred_E_jDV.csv,NA,NA,NA,NA,NA,NA,NA,NA,NA,NA,NA,FB4_Log_File_Test_KoyyoyDV,TRUE,Daily_Output_Koy_yoyDV
86,Koy yoyDV 86,41,Lake trout,0.18279981,p-value,0.41,32,124,1,13560,FALSE,FALSE,FALSE,FALSE,NA,NA,Main Inputs/Temperature_Koyukuk_2063highpgw.csv,Main Inputs/Diet_prop_yoyDV.csv,Main Inputs/Prey_E_jDV.csv,Main Inputs/Indigestible_Prey_jDV.csv,Main Inputs/Pred_E_jDV.csv,NA,NA,NA,NA,NA,NA,NA,NA,NA,NA,NA,FB4_Log_File_Test_KoyyoyDV,TRUE,Daily_Output_Koy_yoyDV
87,Koy yoyDV 87,41,Lake trout,0.203553189,p-value,0.41,32,124,1,13560,FALSE,FALSE,FALSE,FALSE,NA,NA,Main Inputs/Temperature_Koyukuk_2063highpgw.csv,Main Inputs/Diet_prop_yoyDV.csv,Main Inputs/Prey_E_jDV.csv,Main Inputs/Indigestible_Prey_jDV.csv,Main Inputs/Pred_E_jDV.csv,NA,NA,NA,NA,NA,NA,NA,NA,NA,NA,NA,FB4_Log_File_Test_KoyyoyDV,TRUE,Daily_Output_Koy_yoyDV
88,Koy yoyDV 88,41,Lake trout,0.225864816,p-value,0.41,32,124,1,13560,FALSE,FALSE,FALSE,FALSE,NA,NA,Main Inputs/Temperature_Koyukuk_2063highpgw.csv,Main Inputs/Diet_prop_yoyDV.csv,Main Inputs/Prey_E_jDV.csv,Main Inputs/Indigestible_Prey_jDV.csv,Main Inputs/Pred_E_jDV.csv,NA,NA,NA,NA,NA,NA,NA,NA,NA,NA,NA,FB4_Log_File_Test_KoyyoyDV,TRUE,Daily_Output_Koy_yoyDV
89,Koy yoyDV 89,41,Lake trout,0.249795737,p-value,0.41,32,124,1,13560,FALSE,FALSE,FALSE,FALSE,NA,NA,Main Inputs/Temperature_Koyukuk_2063highpgw.csv,Main Inputs/Diet_prop_yoyDV.csv,Main Inputs/Prey_E_jDV.csv,Main Inputs/Indigestible_Prey_jDV.csv,Main Inputs/Pred_E_jDV.csv,NA,NA,NA,NA,NA,NA,NA,NA,NA,NA,NA,FB4_Log_File_Test_KoyyoyDV,TRUE,Daily_Output_Koy_yoyDV
90,Koy yoyDV 90,41,Lake trout,0.302761338,p-value,0.41,32,124,1,13560,FALSE,FALSE,FALSE,FALSE,NA,NA,Main Inputs/Temperature_Koyukuk_2063highpgw.csv,Main Inputs/Diet_prop_yoyDV.csv,Main Inputs/Prey_E_jDV.csv,Main Inputs/Indigestible_Prey_jDV.csv,Main Inputs/Pred_E_jDV.csv,NA,NA,NA,NA,NA,NA,NA,NA,NA,NA,NA,FB4_Log_File_Test_KoyyoyDV,TRUE,Daily_Output_Koy_yoyDV
91,Koy yoyDV 91,41,Lake trout,0.331919775,p-value,0.41,32,124,1,13560,FALSE,FALSE,FALSE,FALSE,NA,NA,Main Inputs/Temperature_Koyukuk_2063highpgw.csv,Main Inputs/Diet_prop_yoyDV.csv,Main Inputs/Prey_E_jDV.csv,Main Inputs/Indigestible_Prey_jDV.csv,Main Inputs/Pred_E_jDV.csv,NA,NA,NA,NA,NA,NA,NA,NA,NA,NA,NA,FB4_Log_File_Test_KoyyoyDV,TRUE,Daily_Output_Koy_yoyDV
92,Koy yoyDV 92,41,Lake trout,0.362945004,p-value,0.41,32,124,1,13560,FALSE,FALSE,FALSE,FALSE,NA,NA,Main Inputs/Temperature_Koyukuk_2063highpgw.csv,Main Inputs/Diet_prop_yoyDV.csv,Main Inputs/Prey_E_jDV.csv,Main Inputs/Indigestible_Prey_jDV.csv,Main Inputs/Pred_E_jDV.csv,NA,NA,NA,NA,NA,NA,NA,NA,NA,NA,NA,FB4_Log_File_Test_KoyyoyDV,TRUE,Daily_Output_Koy_yoyDV
93,Koy yoyDV 93,41,Lake trout,0.430846787,p-value,0.41,32,124,1,13560,FALSE,FALSE,FALSE,FALSE,NA,NA,Main Inputs/Temperature_Koyukuk_2063highpgw.csv,Main Inputs/Diet_prop_yoyDV.csv,Main Inputs/Prey_E_jDV.csv,Main Inputs/Indigestible_Prey_jDV.csv,Main Inputs/Pred_E_jDV.csv,NA,NA,NA,NA,NA,NA,NA,NA,NA,NA,NA,FB4_Log_File_Test_KoyyoyDV,TRUE,Daily_Output_Koy_yoyDV
94,Koy yoyDV 94,41,Lake trout,0.467849558,p-value,0.41,32,124,1,13560,FALSE,FALSE,FALSE,FALSE,NA,NA,Main Inputs/Temperature_Koyukuk_2063highpgw.csv,Main Inputs/Diet_prop_yoyDV.csv,Main Inputs/Prey_E_jDV.csv,Main Inputs/Indigestible_Prey_jDV.csv,Main Inputs/Pred_E_jDV.csv,NA,NA,NA,NA,NA,NA,NA,NA,NA,NA,NA,FB4_Log_File_Test_KoyyoyDV,TRUE,Daily_Output_Koy_yoyDV
95,Koy yoyDV 95,41,Lake trout,0.506971543,p-value,0.41,32,124,1,13560,FALSE,FALSE,FALSE,FALSE,NA,NA,Main Inputs/Temperature_Koyukuk_2063highpgw.csv,Main Inputs/Diet_prop_yoyDV.csv,Main Inputs/Prey_E_jDV.csv,Main Inputs/Indigestible_Prey_jDV.csv,Main Inputs/Pred_E_jDV.csv,NA,NA,NA,NA,NA,NA,NA,NA,NA,NA,NA,FB4_Log_File_Test_KoyyoyDV,TRUE,Daily_Output_Koy_yoyDV
96,Koy yoyDV 96,41,Lake trout,0.022584515,p-value,0.41,32,124,1,13560,FALSE,FALSE,FALSE,FALSE,NA,NA,Main Inputs/Temperature_Koyukuk_average_highpgw.csv,Main Inputs/Diet_prop_yoyDV.csv,Main Inputs/Prey_E_jDV.csv,Main Inputs/Indigestible_Prey_jDV.csv,Main Inputs/Pred_E_jDV.csv,NA,NA,NA,NA,NA,NA,NA,NA,NA,NA,NA,FB4_Log_File_Test_KoyyoyDV,TRUE,Daily_Output_Koy_yoyDV
97,Koy yoyDV 97,41,Lake trout,0.040269263,p-value,0.41,32,124,1,13560,FALSE,FALSE,FALSE,FALSE,NA,NA,Main Inputs/Temperature_Koyukuk_average_highpgw.csv,Main Inputs/Diet_prop_yoyDV.csv,Main Inputs/Prey_E_jDV.csv,Main Inputs/Indigestible_Prey_jDV.csv,Main Inputs/Pred_E_jDV.csv,NA,NA,NA,NA,NA,NA,NA,NA,NA,NA,NA,FB4_Log_File_Test_KoyyoyDV,TRUE,Daily_Output_Koy_yoyDV
98,Koy yoyDV 98,41,Lake trout,0.065664236,p-value,0.41,32,124,1,13560,FALSE,FALSE,FALSE,FALSE,NA,NA,Main Inputs/Temperature_Koyukuk_average_highpgw.csv,Main Inputs/Diet_prop_yoyDV.csv,Main Inputs/Prey_E_jDV.csv,Main Inputs/Indigestible_Prey_jDV.csv,Main Inputs/Pred_E_jDV.csv,NA,NA,NA,NA,NA,NA,NA,NA,NA,NA,NA,FB4_Log_File_Test_KoyyoyDV,TRUE,Daily_Output_Koy_yoyDV
99,Koy yoyDV 99,41,Lake trout,0.076105148,p-value,0.41,32,124,1,13560,FALSE,FALSE,FALSE,FALSE,NA,NA,Main Inputs/Temperature_Koyukuk_average_highpgw.csv,Main Inputs/Diet_prop_yoyDV.csv,Main Inputs/Prey_E_jDV.csv,Main Inputs/Indigestible_Prey_jDV.csv,Main Inputs/Pred_E_jDV.csv,NA,NA,NA,NA,NA,NA,NA,NA,NA,NA,NA,FB4_Log_File_Test_KoyyoyDV,TRUE,Daily_Output_Koy_yoyDV
100,Koy yoyDV 100,41,Lake trout,0.100295015,p-value,0.41,32,124,1,13560,FALSE,FALSE,FALSE,FALSE,NA,NA,Main Inputs/Temperature_Koyukuk_average_highpgw.csv,Main Inputs/Diet_prop_yoyDV.csv,Main Inputs/Prey_E_jDV.csv,Main Inputs/Indigestible_Prey_jDV.csv,Main Inputs/Pred_E_jDV.csv,NA,NA,NA,NA,NA,NA,NA,NA,NA,NA,NA,FB4_Log_File_Test_KoyyoyDV,TRUE,Daily_Output_Koy_yoyDV
101,Koy yoyDV 101,41,Lake trout,0.114160273,p-value,0.41,32,124,1,13560,FALSE,FALSE,FALSE,FALSE,NA,NA,Main Inputs/Temperature_Koyukuk_average_highpgw.csv,Main Inputs/Diet_prop_yoyDV.csv,Main Inputs/Prey_E_jDV.csv,Main Inputs/Indigestible_Prey_jDV.csv,Main Inputs/Pred_E_jDV.csv,NA,NA,NA,NA,NA,NA,NA,NA,NA,NA,NA,FB4_Log_File_Test_KoyyoyDV,TRUE,Daily_Output_Koy_yoyDV
102,Koy yoyDV 102,41,Lake trout,0.129283991,p-value,0.41,32,124,1,13560,FALSE,FALSE,FALSE,FALSE,NA,NA,Main Inputs/Temperature_Koyukuk_average_highpgw.csv,Main Inputs/Diet_prop_yoyDV.csv,Main Inputs/Prey_E_jDV.csv,Main Inputs/Indigestible_Prey_jDV.csv,Main Inputs/Pred_E_jDV.csv,NA,NA,NA,NA,NA,NA,NA,NA,NA,NA,NA,FB4_Log_File_Test_KoyyoyDV,TRUE,Daily_Output_Koy_yoyDV
103,Koy yoyDV 103,41,Lake trout,0.145725365,p-value,0.41,32,124,1,13560,FALSE,FALSE,FALSE,FALSE,NA,NA,Main Inputs/Temperature_Koyukuk_average_highpgw.csv,Main Inputs/Diet_prop_yoyDV.csv,Main Inputs/Prey_E_jDV.csv,Main Inputs/Indigestible_Prey_jDV.csv,Main Inputs/Pred_E_jDV.csv,NA,NA,NA,NA,NA,NA,NA,NA,NA,NA,NA,FB4_Log_File_Test_KoyyoyDV,TRUE,Daily_Output_Koy_yoyDV
104,Koy yoyDV 104,41,Lake trout,0.163543981,p-value,0.41,32,124,1,13560,FALSE,FALSE,FALSE,FALSE,NA,NA,Main Inputs/Temperature_Koyukuk_average_highpgw.csv,Main Inputs/Diet_prop_yoyDV.csv,Main Inputs/Prey_E_jDV.csv,Main Inputs/Indigestible_Prey_jDV.csv,Main Inputs/Pred_E_jDV.csv,NA,NA,NA,NA,NA,NA,NA,NA,NA,NA,NA,FB4_Log_File_Test_KoyyoyDV,TRUE,Daily_Output_Koy_yoyDV
105,Koy yoyDV 105,41,Lake trout,0.18279981,p-value,0.41,32,124,1,13560,FALSE,FALSE,FALSE,FALSE,NA,NA,Main Inputs/Temperature_Koyukuk_average_highpgw.csv,Main Inputs/Diet_prop_yoyDV.csv,Main Inputs/Prey_E_jDV.csv,Main Inputs/Indigestible_Prey_jDV.csv,Main Inputs/Pred_E_jDV.csv,NA,NA,NA,NA,NA,NA,NA,NA,NA,NA,NA,FB4_Log_File_Test_KoyyoyDV,TRUE,Daily_Output_Koy_yoyDV
106,Koy yoyDV 106,41,Lake trout,0.203553189,p-value,0.41,32,124,1,13560,FALSE,FALSE,FALSE,FALSE,NA,NA,Main Inputs/Temperature_Koyukuk_average_highpgw.csv,Main Inputs/Diet_prop_yoyDV.csv,Main Inputs/Prey_E_jDV.csv,Main Inputs/Indigestible_Prey_jDV.csv,Main Inputs/Pred_E_jDV.csv,NA,NA,NA,NA,NA,NA,NA,NA,NA,NA,NA,FB4_Log_File_Test_KoyyoyDV,TRUE,Daily_Output_Koy_yoyDV
107,Koy yoyDV 107,41,Lake trout,0.225864816,p-value,0.41,32,124,1,13560,FALSE,FALSE,FALSE,FALSE,NA,NA,Main Inputs/Temperature_Koyukuk_average_highpgw.csv,Main Inputs/Diet_prop_yoyDV.csv,Main Inputs/Prey_E_jDV.csv,Main Inputs/Indigestible_Prey_jDV.csv,Main Inputs/Pred_E_jDV.csv,NA,NA,NA,NA,NA,NA,NA,NA,NA,NA,NA,FB4_Log_File_Test_KoyyoyDV,TRUE,Daily_Output_Koy_yoyDV
108,Koy yoyDV 108,41,Lake trout,0.249795737,p-value,0.41,32,124,1,13560,FALSE,FALSE,FALSE,FALSE,NA,NA,Main Inputs/Temperature_Koyukuk_average_highpgw.csv,Main Inputs/Diet_prop_yoyDV.csv,Main Inputs/Prey_E_jDV.csv,Main Inputs/Indigestible_Prey_jDV.csv,Main Inputs/Pred_E_jDV.csv,NA,NA,NA,NA,NA,NA,NA,NA,NA,NA,NA,FB4_Log_File_Test_KoyyoyDV,TRUE,Daily_Output_Koy_yoyDV
109,Koy yoyDV 109,41,Lake trout,0.302761338,p-value,0.41,32,124,1,13560,FALSE,FALSE,FALSE,FALSE,NA,NA,Main Inputs/Temperature_Koyukuk_average_highpgw.csv,Main Inputs/Diet_prop_yoyDV.csv,Main Inputs/Prey_E_jDV.csv,Main Inputs/Indigestible_Prey_jDV.csv,Main Inputs/Pred_E_jDV.csv,NA,NA,NA,NA,NA,NA,NA,NA,NA,NA,NA,FB4_Log_File_Test_KoyyoyDV,TRUE,Daily_Output_Koy_yoyDV
110,Koy yoyDV 110,41,Lake trout,0.331919775,p-value,0.41,32,124,1,13560,FALSE,FALSE,FALSE,FALSE,NA,NA,Main Inputs/Temperature_Koyukuk_average_highpgw.csv,Main Inputs/Diet_prop_yoyDV.csv,Main Inputs/Prey_E_jDV.csv,Main Inputs/Indigestible_Prey_jDV.csv,Main Inputs/Pred_E_jDV.csv,NA,NA,NA,NA,NA,NA,NA,NA,NA,NA,NA,FB4_Log_File_Test_KoyyoyDV,TRUE,Daily_Output_Koy_yoyDV
111,Koy yoyDV 111,41,Lake trout,0.362945004,p-value,0.41,32,124,1,13560,FALSE,FALSE,FALSE,FALSE,NA,NA,Main Inputs/Temperature_Koyukuk_average_highpgw.csv,Main Inputs/Diet_prop_yoyDV.csv,Main Inputs/Prey_E_jDV.csv,Main Inputs/Indigestible_Prey_jDV.csv,Main Inputs/Pred_E_jDV.csv,NA,NA,NA,NA,NA,NA,NA,NA,NA,NA,NA,FB4_Log_File_Test_KoyyoyDV,TRUE,Daily_Output_Koy_yoyDV
112,Koy yoyDV 112,41,Lake trout,0.430846787,p-value,0.41,32,124,1,13560,FALSE,FALSE,FALSE,FALSE,NA,NA,Main Inputs/Temperature_Koyukuk_average_highpgw.csv,Main Inputs/Diet_prop_yoyDV.csv,Main Inputs/Prey_E_jDV.csv,Main Inputs/Indigestible_Prey_jDV.csv,Main Inputs/Pred_E_jDV.csv,NA,NA,NA,NA,NA,NA,NA,NA,NA,NA,NA,FB4_Log_File_Test_KoyyoyDV,TRUE,Daily_Output_Koy_yoyDV
113,Koy yoyDV 113,41,Lake trout,0.467849558,p-value,0.41,32,124,1,13560,FALSE,FALSE,FALSE,FALSE,NA,NA,Main Inputs/Temperature_Koyukuk_average_highpgw.csv,Main Inputs/Diet_prop_yoyDV.csv,Main Inputs/Prey_E_jDV.csv,Main Inputs/Indigestible_Prey_jDV.csv,Main Inputs/Pred_E_jDV.csv,NA,NA,NA,NA,NA,NA,NA,NA,NA,NA,NA,FB4_Log_File_Test_KoyyoyDV,TRUE,Daily_Output_Koy_yoyDV
114,Koy yoyDV 114,41,Lake trout,0.506971543,p-value,0.41,32,124,1,13560,FALSE,FALSE,FALSE,FALSE,NA,NA,Main Inputs/Temperature_Koyukuk_average_highpgw.csv,Main Inputs/Diet_prop_yoyDV.csv,Main Inputs/Prey_E_jDV.csv,Main Inputs/Indigestible_Prey_jDV.csv,Main Inputs/Pred_E_jDV.csv,NA,NA,NA,NA,NA,NA,NA,NA,NA,NA,NA,FB4_Log_File_Test_KoyyoyDV,TRUE,Daily_Output_Koy_yoyDV
