NRun,Run_Name,Species_Num,Species_txt,Initial_W,fit.to,fit.to.value,First_day,Last_day,N_indiv,Oxycal,calc.pop_mort,calc.spawn,calc.nut,calc.contaminant,Init_pred_conc,contam_eq,T_File,Diet_File,Prey_E_File,Indigest_Prey_File,Pred_E_File,Mort_File,Reprod_File,Contam_Prey_C_File,Contam_assim_File,Contam_TE_File,Phos_Ae_File,Phos_Co_Pred_File,Phos_Co_Prey_File,Nit_Ae_File,Nit_Co_Pred_File,Nit_Co_Prey_File,FB4_Log_File,Save_Daily_Output,Daily_Output_File
1,Koyukuk yoychin test 2,23,Coho salmon,0.66,Weight,3.69,32,140,1,13560,FALSE,FALSE,FALSE,FALSE,NA,NA,Main Inputs/Temperature_FWS_NFKoy_2016.csv,Main Inputs/Diet_prop_yoychinChenaaverage.csv,Main Inputs/Prey_E_Chenayoychin.csv,Main Inputs/Indigestible_Prey_yoychinChena.csv,Main Inputs/Pred_E.csv,NA,NA,NA,NA,NA,NA,NA,NA,NA,NA,NA,FB4_Log_File_Test_Koyyoychin_testChena,TRUE,Daily_Output_Koyukuk_yoychincons_testChena
2,Koyukuk yoychin test 6,23,Coho salmon,0.66,Weight,3.69,32,140,1,13560,FALSE,FALSE,FALSE,FALSE,NA,NA,Main Inputs/Temperature_FWS_NFKoy_2017.csv,Main Inputs/Diet_prop_yoychinChenaaverage.csv,Main Inputs/Prey_E_Chenayoychin.csv,Main Inputs/Indigestible_Prey_yoychinChena.csv,Main Inputs/Pred_E.csv,NA,NA,NA,NA,NA,NA,NA,NA,NA,NA,NA,FB4_Log_File_Test_Koyyoychin_testChena,TRUE,Daily_Output_Koyukuk_yoychincons_testChena
3,Koyukuk yoychin test 12,23,Coho salmon,0.66,Weight,3.69,32,140,1,13560,FALSE,FALSE,FALSE,FALSE,NA,NA,Main Inputs/Temperature_FWS_SFKoy_2011.csv,Main Inputs/Diet_prop_yoychinChenaaverage.csv,Main Inputs/Prey_E_Chenayoychin.csv,Main Inputs/Indigestible_Prey_yoychinChena.csv,Main Inputs/Pred_E.csv,NA,NA,NA,NA,NA,NA,NA,NA,NA,NA,NA,FB4_Log_File_Test_Koyyoychin_testChena,TRUE,Daily_Output_Koyukuk_yoychincons_testChena
4,Koyukuk yoychin test 15,23,Coho salmon,0.66,Weight,3.69,32,140,1,13560,FALSE,FALSE,FALSE,FALSE,NA,NA,Main Inputs/Temperature_FWS_SFKoy_2012.csv,Main Inputs/Diet_prop_yoychinChenaaverage.csv,Main Inputs/Prey_E_Chenayoychin.csv,Main Inputs/Indigestible_Prey_yoychinChena.csv,Main Inputs/Pred_E.csv,NA,NA,NA,NA,NA,NA,NA,NA,NA,NA,NA,FB4_Log_File_Test_Koyyoychin_testChena,TRUE,Daily_Output_Koyukuk_yoychincons_testChena
5,Koyukuk yoychin test 18,23,Coho salmon,0.66,Weight,3.69,32,140,1,13560,FALSE,FALSE,FALSE,FALSE,NA,NA,Main Inputs/Temperature_FWS_SFKoy_2013.csv,Main Inputs/Diet_prop_yoychinChenaaverage.csv,Main Inputs/Prey_E_Chenayoychin.csv,Main Inputs/Indigestible_Prey_yoychinChena.csv,Main Inputs/Pred_E.csv,NA,NA,NA,NA,NA,NA,NA,NA,NA,NA,NA,FB4_Log_File_Test_Koyyoychin_testChena,TRUE,Daily_Output_Koyukuk_yoychincons_testChena
6,Koyukuk yoychin test 21,23,Coho salmon,0.66,Weight,3.69,32,140,1,13560,FALSE,FALSE,FALSE,FALSE,NA,NA,Main Inputs/Temperature_FWS_SFKoy_2014.csv,Main Inputs/Diet_prop_yoychinChenaaverage.csv,Main Inputs/Prey_E_Chenayoychin.csv,Main Inputs/Indigestible_Prey_yoychinChena.csv,Main Inputs/Pred_E.csv,NA,NA,NA,NA,NA,NA,NA,NA,NA,NA,NA,FB4_Log_File_Test_Koyyoychin_testChena,TRUE,Daily_Output_Koyukuk_yoychincons_testChena
7,Koyukuk yoychin test 24,23,Coho salmon,0.66,Weight,3.69,32,140,1,13560,FALSE,FALSE,FALSE,FALSE,NA,NA,Main Inputs/Temperature_FWS_SFKoy_2015.csv,Main Inputs/Diet_prop_yoychinChenaaverage.csv,Main Inputs/Prey_E_Chenayoychin.csv,Main Inputs/Indigestible_Prey_yoychinChena.csv,Main Inputs/Pred_E.csv,NA,NA,NA,NA,NA,NA,NA,NA,NA,NA,NA,FB4_Log_File_Test_Koyyoychin_testChena,TRUE,Daily_Output_Koyukuk_yoychincons_testChena
8,Koyukuk yoychin test 27,23,Coho salmon,0.66,Weight,3.69,32,140,1,13560,FALSE,FALSE,FALSE,FALSE,NA,NA,Main Inputs/Temperature_FWSKoy1_2016.csv,Main Inputs/Diet_prop_yoychinChenaaverage.csv,Main Inputs/Prey_E_Chenayoychin.csv,Main Inputs/Indigestible_Prey_yoychinChena.csv,Main Inputs/Pred_E.csv,NA,NA,NA,NA,NA,NA,NA,NA,NA,NA,NA,FB4_Log_File_Test_Koyyoychin_testChena,TRUE,Daily_Output_Koyukuk_yoychincons_testChena
9,Koyukuk yoychin test 30,23,Coho salmon,0.66,Weight,3.69,32,140,1,13560,FALSE,FALSE,FALSE,FALSE,NA,NA,Main Inputs/Temperature_FWSKoy1_2017.csv,Main Inputs/Diet_prop_yoychinChenaaverage.csv,Main Inputs/Prey_E_Chenayoychin.csv,Main Inputs/Indigestible_Prey_yoychinChena.csv,Main Inputs/Pred_E.csv,NA,NA,NA,NA,NA,NA,NA,NA,NA,NA,NA,FB4_Log_File_Test_Koyyoychin_testChena,TRUE,Daily_Output_Koyukuk_yoychincons_testChena
10,Koyukuk yoychin test 33,23,Coho salmon,0.66,Weight,3.69,32,140,1,13560,FALSE,FALSE,FALSE,FALSE,NA,NA,Main Inputs/Temperature_FWSKoy1_2018.csv,Main Inputs/Diet_prop_yoychinChenaaverage.csv,Main Inputs/Prey_E_Chenayoychin.csv,Main Inputs/Indigestible_Prey_yoychinChena.csv,Main Inputs/Pred_E.csv,NA,NA,NA,NA,NA,NA,NA,NA,NA,NA,NA,FB4_Log_File_Test_Koyyoychin_testChena,TRUE,Daily_Output_Koyukuk_yoychincons_testChena
11,Koyukuk yoychin test 36,23,Coho salmon,0.66,Weight,3.69,32,140,1,13560,FALSE,FALSE,FALSE,FALSE,NA,NA,Main Inputs/Temperature_FWSKoy1_2019.csv,Main Inputs/Diet_prop_yoychinChenaaverage.csv,Main Inputs/Prey_E_Chenayoychin.csv,Main Inputs/Indigestible_Prey_yoychinChena.csv,Main Inputs/Pred_E.csv,NA,NA,NA,NA,NA,NA,NA,NA,NA,NA,NA,FB4_Log_File_Test_Koyyoychin_testChena,TRUE,Daily_Output_Koyukuk_yoychincons_testChena
12,Koyukuk yoychin test 39,23,Coho salmon,0.66,Weight,3.69,32,140,1,13560,FALSE,FALSE,FALSE,FALSE,NA,NA,Main Inputs/Temperature_FWSKoy1_2020.csv,Main Inputs/Diet_prop_yoychinChenaaverage.csv,Main Inputs/Prey_E_Chenayoychin.csv,Main Inputs/Indigestible_Prey_yoychinChena.csv,Main Inputs/Pred_E.csv,NA,NA,NA,NA,NA,NA,NA,NA,NA,NA,NA,FB4_Log_File_Test_Koyyoychin_testChena,TRUE,Daily_Output_Koyukuk_yoychincons_testChena
13,Koyukuk yoychin test 42,23,Coho salmon,0.66,Weight,3.69,32,140,1,13560,FALSE,FALSE,FALSE,FALSE,NA,NA,Main Inputs/Temperature_FWSKoy1_2021.csv,Main Inputs/Diet_prop_yoychinChenaaverage.csv,Main Inputs/Prey_E_Chenayoychin.csv,Main Inputs/Indigestible_Prey_yoychinChena.csv,Main Inputs/Pred_E.csv,NA,NA,NA,NA,NA,NA,NA,NA,NA,NA,NA,FB4_Log_File_Test_Koyyoychin_testChena,TRUE,Daily_Output_Koyukuk_yoychincons_testChena
14,Koyukuk yoychin test 45,23,Coho salmon,0.66,Weight,3.69,32,140,1,13560,FALSE,FALSE,FALSE,FALSE,NA,NA,Main Inputs/Temperature_FWSKoy2_2016.csv,Main Inputs/Diet_prop_yoychinChenaaverage.csv,Main Inputs/Prey_E_Chenayoychin.csv,Main Inputs/Indigestible_Prey_yoychinChena.csv,Main Inputs/Pred_E.csv,NA,NA,NA,NA,NA,NA,NA,NA,NA,NA,NA,FB4_Log_File_Test_Koyyoychin_testChena,TRUE,Daily_Output_Koyukuk_yoychincons_testChena
15,Koyukuk yoychin test 47,23,Coho salmon,0.2,Weight,2.1,32,140,1,13560,FALSE,FALSE,FALSE,FALSE,NA,NA,Main Inputs/Temperature_FWSKoy2_2017.csv,Main Inputs/Diet_prop_yoychinChenaaverage.csv,Main Inputs/Prey_E_Chenayoychin.csv,Main Inputs/Indigestible_Prey_yoychinChena.csv,Main Inputs/Pred_E.csv,NA,NA,NA,NA,NA,NA,NA,NA,NA,NA,NA,FB4_Log_File_Test_Koyyoychin_testChena,TRUE,Daily_Output_Koyukuk_yoychincons_testChena
16,Koyukuk yoychin test 48,23,Coho salmon,0.66,Weight,3.69,32,140,1,13560,FALSE,FALSE,FALSE,FALSE,NA,NA,Main Inputs/Temperature_FWSKoy2_2017.csv,Main Inputs/Diet_prop_yoychinChenaaverage.csv,Main Inputs/Prey_E_Chenayoychin.csv,Main Inputs/Indigestible_Prey_yoychinChena.csv,Main Inputs/Pred_E.csv,NA,NA,NA,NA,NA,NA,NA,NA,NA,NA,NA,FB4_Log_File_Test_Koyyoychin_testChena,TRUE,Daily_Output_Koyukuk_yoychincons_testChena
17,Koyukuk yoychin test 51,23,Coho salmon,0.66,Weight,3.69,32,140,1,13560,FALSE,FALSE,FALSE,FALSE,NA,NA,Main Inputs/Temperature_FWSKoy2_2018.csv,Main Inputs/Diet_prop_yoychinChenaaverage.csv,Main Inputs/Prey_E_Chenayoychin.csv,Main Inputs/Indigestible_Prey_yoychinChena.csv,Main Inputs/Pred_E.csv,NA,NA,NA,NA,NA,NA,NA,NA,NA,NA,NA,FB4_Log_File_Test_Koyyoychin_testChena,TRUE,Daily_Output_Koyukuk_yoychincons_testChena
18,Koyukuk yoychin test 54,23,Coho salmon,0.66,Weight,3.69,32,140,1,13560,FALSE,FALSE,FALSE,FALSE,NA,NA,Main Inputs/Temperature_FWSKoy2_2019.csv,Main Inputs/Diet_prop_yoychinChenaaverage.csv,Main Inputs/Prey_E_Chenayoychin.csv,Main Inputs/Indigestible_Prey_yoychinChena.csv,Main Inputs/Pred_E.csv,NA,NA,NA,NA,NA,NA,NA,NA,NA,NA,NA,FB4_Log_File_Test_Koyyoychin_testChena,TRUE,Daily_Output_Koyukuk_yoychincons_testChena
19,Koyukuk yoychin test 57,23,Coho salmon,0.66,Weight,3.69,32,140,1,13560,FALSE,FALSE,FALSE,FALSE,NA,NA,Main Inputs/Temperature_FWSKoy2_2020.csv,Main Inputs/Diet_prop_yoychinChenaaverage.csv,Main Inputs/Prey_E_Chenayoychin.csv,Main Inputs/Indigestible_Prey_yoychinChena.csv,Main Inputs/Pred_E.csv,NA,NA,NA,NA,NA,NA,NA,NA,NA,NA,NA,FB4_Log_File_Test_Koyyoychin_testChena,TRUE,Daily_Output_Koyukuk_yoychincons_testChena
20,Koyukuk yoychin test 60,23,Coho salmon,0.66,Weight,3.69,32,140,1,13560,FALSE,FALSE,FALSE,FALSE,NA,NA,Main Inputs/Temperature_FWSKoy2_2021.csv,Main Inputs/Diet_prop_yoychinChenaaverage.csv,Main Inputs/Prey_E_Chenayoychin.csv,Main Inputs/Indigestible_Prey_yoychinChena.csv,Main Inputs/Pred_E.csv,NA,NA,NA,NA,NA,NA,NA,NA,NA,NA,NA,FB4_Log_File_Test_Koyyoychin_testChena,TRUE,Daily_Output_Koyukuk_yoychincons_testChena
21,Koyukuk yoychin test 63,23,Coho salmon,0.66,Weight,3.69,32,140,1,13560,FALSE,FALSE,FALSE,FALSE,NA,NA,Main Inputs/Temperature_FWSKoy3_2016.csv,Main Inputs/Diet_prop_yoychinChenaaverage.csv,Main Inputs/Prey_E_Chenayoychin.csv,Main Inputs/Indigestible_Prey_yoychinChena.csv,Main Inputs/Pred_E.csv,NA,NA,NA,NA,NA,NA,NA,NA,NA,NA,NA,FB4_Log_File_Test_Koyyoychin_testChena,TRUE,Daily_Output_Koyukuk_yoychincons_testChena
22,Koyukuk yoychin test 66,23,Coho salmon,0.66,Weight,3.69,32,140,1,13560,FALSE,FALSE,FALSE,FALSE,NA,NA,Main Inputs/Temperature_FWSKoy3_2017.csv,Main Inputs/Diet_prop_yoychinChenaaverage.csv,Main Inputs/Prey_E_Chenayoychin.csv,Main Inputs/Indigestible_Prey_yoychinChena.csv,Main Inputs/Pred_E.csv,NA,NA,NA,NA,NA,NA,NA,NA,NA,NA,NA,FB4_Log_File_Test_Koyyoychin_testChena,TRUE,Daily_Output_Koyukuk_yoychincons_testChena
23,Koyukuk yoychin test 69,23,Coho salmon,0.66,Weight,3.69,32,140,1,13560,FALSE,FALSE,FALSE,FALSE,NA,NA,Main Inputs/Temperature_FWSKoy3_2018.csv,Main Inputs/Diet_prop_yoychinChenaaverage.csv,Main Inputs/Prey_E_Chenayoychin.csv,Main Inputs/Indigestible_Prey_yoychinChena.csv,Main Inputs/Pred_E.csv,NA,NA,NA,NA,NA,NA,NA,NA,NA,NA,NA,FB4_Log_File_Test_Koyyoychin_testChena,TRUE,Daily_Output_Koyukuk_yoychincons_testChena
24,Koyukuk yoychin test 72,23,Coho salmon,0.66,Weight,3.69,32,140,1,13560,FALSE,FALSE,FALSE,FALSE,NA,NA,Main Inputs/Temperature_FWSKoy3_2019.csv,Main Inputs/Diet_prop_yoychinChenaaverage.csv,Main Inputs/Prey_E_Chenayoychin.csv,Main Inputs/Indigestible_Prey_yoychinChena.csv,Main Inputs/Pred_E.csv,NA,NA,NA,NA,NA,NA,NA,NA,NA,NA,NA,FB4_Log_File_Test_Koyyoychin_testChena,TRUE,Daily_Output_Koyukuk_yoychincons_testChena
25,Koyukuk yoychin test 75,23,Coho salmon,0.66,Weight,3.69,32,140,1,13560,FALSE,FALSE,FALSE,FALSE,NA,NA,Main Inputs/Temperature_FWSKoy3_2020.csv,Main Inputs/Diet_prop_yoychinChenaaverage.csv,Main Inputs/Prey_E_Chenayoychin.csv,Main Inputs/Indigestible_Prey_yoychinChena.csv,Main Inputs/Pred_E.csv,NA,NA,NA,NA,NA,NA,NA,NA,NA,NA,NA,FB4_Log_File_Test_Koyyoychin_testChena,TRUE,Daily_Output_Koyukuk_yoychincons_testChena
26,Koyukuk yoychin test 78,23,Coho salmon,0.66,Weight,3.69,32,140,1,13560,FALSE,FALSE,FALSE,FALSE,NA,NA,Main Inputs/Temperature_FWSKoy3_2021.csv,Main Inputs/Diet_prop_yoychinChenaaverage.csv,Main Inputs/Prey_E_Chenayoychin.csv,Main Inputs/Indigestible_Prey_yoychinChena.csv,Main Inputs/Pred_E.csv,NA,NA,NA,NA,NA,NA,NA,NA,NA,NA,NA,FB4_Log_File_Test_Koyyoychin_testChena,TRUE,Daily_Output_Koyukuk_yoychincons_testChena
