NRun,Run_Name,Species_Num,Species_txt,Initial_W,fit.to,fit.to.value,First_day,Last_day,N_indiv,Oxycal,calc.pop_mort,calc.spawn,calc.nut,calc.contaminant,Init_pred_conc,contam_eq,T_File,Diet_File,Prey_E_File,Indigest_Prey_File,Pred_E_File,Mort_File,Reprod_File,Contam_Prey_C_File,Contam_assim_File,Contam_TE_File,Phos_Ae_File,Phos_Co_Pred_File,Phos_Co_Prey_File,Nit_Ae_File,Nit_Co_Pred_File,Nit_Co_Prey_File,FB4_Log_File,Save_Daily_Output,Daily_Output_File
1,Teedrinjik yoychin test 1,23,Coho salmon,0.66,Weight,3.69,32,140,1,13560,FALSE,FALSE,FALSE,FALSE,NA,NA,Main Inputs/Temperature_FWS_TeedrinJik_2011.csv,Main Inputs/Diet_prop_yoychinChenaaverage.csv,Main Inputs/Prey_E_Chenayoychin.csv,Main Inputs/Indigestible_Prey_yoychinChena.csv,Main Inputs/Pred_E.csv,NA,NA,NA,NA,NA,NA,NA,NA,NA,NA,NA,FB4_Log_File_Test_Teeyoychin_testChena,TRUE,Daily_Output_Tee_yoychincons_testChena
2,Teedrinjik yoychin test 2,23,Coho salmon,0.66,Weight,3.69,32,140,1,13560,FALSE,FALSE,FALSE,FALSE,NA,NA,Main Inputs/Temperature_FWS_TeedrinJik_2012.csv,Main Inputs/Diet_prop_yoychinChenaaverage.csv,Main Inputs/Prey_E_Chenayoychin.csv,Main Inputs/Indigestible_Prey_yoychinChena.csv,Main Inputs/Pred_E.csv,NA,NA,NA,NA,NA,NA,NA,NA,NA,NA,NA,FB4_Log_File_Test_Teeyoychin_testChena,TRUE,Daily_Output_Tee_yoychincons_testChena
3,Teedrinjik yoychin test 3,23,Coho salmon,0.66,Weight,3.69,32,140,1,13560,FALSE,FALSE,FALSE,FALSE,NA,NA,Main Inputs/Temperature_FWS_TeedrinJik_2013.csv,Main Inputs/Diet_prop_yoychinChenaaverage.csv,Main Inputs/Prey_E_Chenayoychin.csv,Main Inputs/Indigestible_Prey_yoychinChena.csv,Main Inputs/Pred_E.csv,NA,NA,NA,NA,NA,NA,NA,NA,NA,NA,NA,FB4_Log_File_Test_Teeyoychin_testChena,TRUE,Daily_Output_Tee_yoychincons_testChena
4,Teedrinjik yoychin test 4,23,Coho salmon,0.66,Weight,3.69,32,140,1,13560,FALSE,FALSE,FALSE,FALSE,NA,NA,Main Inputs/Temperature_FWS_TeedrinJik_2015.csv,Main Inputs/Diet_prop_yoychinChenaaverage.csv,Main Inputs/Prey_E_Chenayoychin.csv,Main Inputs/Indigestible_Prey_yoychinChena.csv,Main Inputs/Pred_E.csv,NA,NA,NA,NA,NA,NA,NA,NA,NA,NA,NA,FB4_Log_File_Test_Teeyoychin_testChena,TRUE,Daily_Output_Tee_yoychincons_testChena
5,Teedrinjik yoychin test 5,23,Coho salmon,0.66,Weight,3.69,32,140,1,13560,FALSE,FALSE,FALSE,FALSE,NA,NA,Main Inputs/Temperature_FWS_TeedrinJik_2016.csv,Main Inputs/Diet_prop_yoychinChenaaverage.csv,Main Inputs/Prey_E_Chenayoychin.csv,Main Inputs/Indigestible_Prey_yoychinChena.csv,Main Inputs/Pred_E.csv,NA,NA,NA,NA,NA,NA,NA,NA,NA,NA,NA,FB4_Log_File_Test_Teeyoychin_testChena,TRUE,Daily_Output_Tee_yoychincons_testChena
6,Teedrinjik yoychin test 6,23,Coho salmon,0.66,Weight,3.69,32,140,1,13560,FALSE,FALSE,FALSE,FALSE,NA,NA,Main Inputs/Temperature_FWS_TeedrinJik_2017.csv,Main Inputs/Diet_prop_yoychinChenaaverage.csv,Main Inputs/Prey_E_Chenayoychin.csv,Main Inputs/Indigestible_Prey_yoychinChena.csv,Main Inputs/Pred_E.csv,NA,NA,NA,NA,NA,NA,NA,NA,NA,NA,NA,FB4_Log_File_Test_Teeyoychin_testChena,TRUE,Daily_Output_Tee_yoychincons_testChena
7,Teedrinjik yoychin test 7,23,Coho salmon,0.66,Weight,3.69,32,140,1,13560,FALSE,FALSE,FALSE,FALSE,NA,NA,Main Inputs/Temperature_FWS_TeedrinJik_2018.csv,Main Inputs/Diet_prop_yoychinChenaaverage.csv,Main Inputs/Prey_E_Chenayoychin.csv,Main Inputs/Indigestible_Prey_yoychinChena.csv,Main Inputs/Pred_E.csv,NA,NA,NA,NA,NA,NA,NA,NA,NA,NA,NA,FB4_Log_File_Test_Teeyoychin_testChena,TRUE,Daily_Output_Tee_yoychincons_testChena
8,Teedrinjik yoychin test 8,23,Coho salmon,0.66,Weight,3.69,32,140,1,13560,FALSE,FALSE,FALSE,FALSE,NA,NA,Main Inputs/Temperature_FWS_TeedrinJik_2019.csv,Main Inputs/Diet_prop_yoychinChenaaverage.csv,Main Inputs/Prey_E_Chenayoychin.csv,Main Inputs/Indigestible_Prey_yoychinChena.csv,Main Inputs/Pred_E.csv,NA,NA,NA,NA,NA,NA,NA,NA,NA,NA,NA,FB4_Log_File_Test_Teeyoychin_testChena,TRUE,Daily_Output_Tee_yoychincons_testChena
9,Teedrinjik yoychin test 9,23,Coho salmon,0.66,Weight,3.69,32,140,1,13560,FALSE,FALSE,FALSE,FALSE,NA,NA,Main Inputs/Temperature_FWS_TeedrinJik_2011.csv,Main Inputs/Diet_prop_yoychinChenaaverage.csv,Main Inputs/Prey_E_Chenayoychin.csv,Main Inputs/Indigestible_Prey_yoychinChena.csv,Main Inputs/Pred_E.csv,NA,NA,NA,NA,NA,NA,NA,NA,NA,NA,NA,FB4_Log_File_Test_Teeyoychin_testChena,TRUE,Daily_Output_Tee_yoychincons_testChena
10,Teedrinjik yoychin test 10,23,Coho salmon,0.66,Weight,3.69,32,140,1,13560,FALSE,FALSE,FALSE,FALSE,NA,NA,Main Inputs/Temperature_FWS_TeedrinJik_2012.csv,Main Inputs/Diet_prop_yoychinChenaaverage.csv,Main Inputs/Prey_E_Chenayoychin.csv,Main Inputs/Indigestible_Prey_yoychinChena.csv,Main Inputs/Pred_E.csv,NA,NA,NA,NA,NA,NA,NA,NA,NA,NA,NA,FB4_Log_File_Test_Teeyoychin_testChena,TRUE,Daily_Output_Tee_yoychincons_testChena
11,Teedrinjik yoychin test 11,23,Coho salmon,0.66,Weight,3.69,32,140,1,13560,FALSE,FALSE,FALSE,FALSE,NA,NA,Main Inputs/Temperature_FWS_TeedrinJik_2013.csv,Main Inputs/Diet_prop_yoychinChenaaverage.csv,Main Inputs/Prey_E_Chenayoychin.csv,Main Inputs/Indigestible_Prey_yoychinChena.csv,Main Inputs/Pred_E.csv,NA,NA,NA,NA,NA,NA,NA,NA,NA,NA,NA,FB4_Log_File_Test_Teeyoychin_testChena,TRUE,Daily_Output_Tee_yoychincons_testChena
12,Teedrinjik yoychin test 12,23,Coho salmon,0.66,Weight,3.69,32,140,1,13560,FALSE,FALSE,FALSE,FALSE,NA,NA,Main Inputs/Temperature_FWS_TeedrinJik_2015.csv,Main Inputs/Diet_prop_yoychinChenaaverage.csv,Main Inputs/Prey_E_Chenayoychin.csv,Main Inputs/Indigestible_Prey_yoychinChena.csv,Main Inputs/Pred_E.csv,NA,NA,NA,NA,NA,NA,NA,NA,NA,NA,NA,FB4_Log_File_Test_Teeyoychin_testChena,TRUE,Daily_Output_Tee_yoychincons_testChena
13,Teedrinjik yoychin test 13,23,Coho salmon,0.66,Weight,3.69,32,140,1,13560,FALSE,FALSE,FALSE,FALSE,NA,NA,Main Inputs/Temperature_FWS_TeedrinJik_2016.csv,Main Inputs/Diet_prop_yoychinChenaaverage.csv,Main Inputs/Prey_E_Chenayoychin.csv,Main Inputs/Indigestible_Prey_yoychinChena.csv,Main Inputs/Pred_E.csv,NA,NA,NA,NA,NA,NA,NA,NA,NA,NA,NA,FB4_Log_File_Test_Teeyoychin_testChena,TRUE,Daily_Output_Tee_yoychincons_testChena
14,Teedrinjik yoychin test 14,23,Coho salmon,0.66,Weight,3.69,32,140,1,13560,FALSE,FALSE,FALSE,FALSE,NA,NA,Main Inputs/Temperature_FWS_TeedrinJik_2017.csv,Main Inputs/Diet_prop_yoychinChenaaverage.csv,Main Inputs/Prey_E_Chenayoychin.csv,Main Inputs/Indigestible_Prey_yoychinChena.csv,Main Inputs/Pred_E.csv,NA,NA,NA,NA,NA,NA,NA,NA,NA,NA,NA,FB4_Log_File_Test_Teeyoychin_testChena,TRUE,Daily_Output_Tee_yoychincons_testChena
15,Teedrinjik yoychin test 15,23,Coho salmon,0.66,Weight,3.69,32,140,1,13560,FALSE,FALSE,FALSE,FALSE,NA,NA,Main Inputs/Temperature_FWS_TeedrinJik_2018.csv,Main Inputs/Diet_prop_yoychinChenaaverage.csv,Main Inputs/Prey_E_Chenayoychin.csv,Main Inputs/Indigestible_Prey_yoychinChena.csv,Main Inputs/Pred_E.csv,NA,NA,NA,NA,NA,NA,NA,NA,NA,NA,NA,FB4_Log_File_Test_Teeyoychin_testChena,TRUE,Daily_Output_Tee_yoychincons_testChena
16,Teedrinjik yoychin test 16,23,Coho salmon,0.66,Weight,3.69,32,140,1,13560,FALSE,FALSE,FALSE,FALSE,NA,NA,Main Inputs/Temperature_FWS_TeedrinJik_2019.csv,Main Inputs/Diet_prop_yoychinChenaaverage.csv,Main Inputs/Prey_E_Chenayoychin.csv,Main Inputs/Indigestible_Prey_yoychinChena.csv,Main Inputs/Pred_E.csv,NA,NA,NA,NA,NA,NA,NA,NA,NA,NA,NA,FB4_Log_File_Test_Teeyoychin_testChena,TRUE,Daily_Output_Tee_yoychincons_testChena
