NRun,Run_Name,Species_Num,Species_txt,Initial_W,fit.to,fit.to.value,First_day,Last_day,N_indiv,Oxycal,calc.pop_mort,calc.spawn,calc.nut,calc.contaminant,Init_pred_conc,contam_eq,T_File,Diet_File,Prey_E_File,Indigest_Prey_File,Pred_E_File,Mort_File,Reprod_File,Contam_Prey_C_File,Contam_assim_File,Contam_TE_File,Phos_Ae_File,Phos_Co_Pred_File,Phos_Co_Prey_File,Nit_Ae_File,Nit_Co_Pred_File,Nit_Co_Prey_File,FB4_Log_File,Save_Daily_Output,Daily_Output_File
1,Andreafsky yoyDV test 1,41,Lake trout,0.022584515,p-value,0.37,32,124,1,13560,FALSE,FALSE,FALSE,FALSE,NA,NA,Main Inputs/Temperature_Andreafsky_2001.csv,Main Inputs/Diet_prop_yoyDV.csv,Main Inputs/Prey_E_jDV.csv,Main Inputs/Indigestible_Prey_jDV.csv,Main Inputs/Pred_E_jDV.csv,NA,NA,NA,NA,NA,NA,NA,NA,NA,NA,NA,FB4_Log_File_Test_AndreafskyoyDV,TRUE,Daily_Output_Andreafsky_yoyDV
2,Andreafsky yoyDV test 2,41,Lake trout,0.040269263,p-value,0.37,32,124,1,13560,FALSE,FALSE,FALSE,FALSE,NA,NA,Main Inputs/Temperature_Andreafsky_2001.csv,Main Inputs/Diet_prop_yoyDV.csv,Main Inputs/Prey_E_jDV.csv,Main Inputs/Indigestible_Prey_jDV.csv,Main Inputs/Pred_E_jDV.csv,NA,NA,NA,NA,NA,NA,NA,NA,NA,NA,NA,FB4_Log_File_Test_AndreafskyoyDV,TRUE,Daily_Output_Andreafsky_yoyDV
3,Andreafsky yoyDV test 3,41,Lake trout,0.065664236,p-value,0.37,32,124,1,13560,FALSE,FALSE,FALSE,FALSE,NA,NA,Main Inputs/Temperature_Andreafsky_2001.csv,Main Inputs/Diet_prop_yoyDV.csv,Main Inputs/Prey_E_jDV.csv,Main Inputs/Indigestible_Prey_jDV.csv,Main Inputs/Pred_E_jDV.csv,NA,NA,NA,NA,NA,NA,NA,NA,NA,NA,NA,FB4_Log_File_Test_AndreafskyoyDV,TRUE,Daily_Output_Andreafsky_yoyDV
4,Andreafsky yoyDV test 4,41,Lake trout,0.076105148,p-value,0.37,32,124,1,13560,FALSE,FALSE,FALSE,FALSE,NA,NA,Main Inputs/Temperature_Andreafsky_2001.csv,Main Inputs/Diet_prop_yoyDV.csv,Main Inputs/Prey_E_jDV.csv,Main Inputs/Indigestible_Prey_jDV.csv,Main Inputs/Pred_E_jDV.csv,NA,NA,NA,NA,NA,NA,NA,NA,NA,NA,NA,FB4_Log_File_Test_AndreafskyoyDV,TRUE,Daily_Output_Andreafsky_yoyDV
5,Andreafsky yoyDV test 5,41,Lake trout,0.100295015,p-value,0.37,32,124,1,13560,FALSE,FALSE,FALSE,FALSE,NA,NA,Main Inputs/Temperature_Andreafsky_2001.csv,Main Inputs/Diet_prop_yoyDV.csv,Main Inputs/Prey_E_jDV.csv,Main Inputs/Indigestible_Prey_jDV.csv,Main Inputs/Pred_E_jDV.csv,NA,NA,NA,NA,NA,NA,NA,NA,NA,NA,NA,FB4_Log_File_Test_AndreafskyoyDV,TRUE,Daily_Output_Andreafsky_yoyDV
6,Andreafsky yoyDV test 6,41,Lake trout,0.114160273,p-value,0.37,32,124,1,13560,FALSE,FALSE,FALSE,FALSE,NA,NA,Main Inputs/Temperature_Andreafsky_2001.csv,Main Inputs/Diet_prop_yoyDV.csv,Main Inputs/Prey_E_jDV.csv,Main Inputs/Indigestible_Prey_jDV.csv,Main Inputs/Pred_E_jDV.csv,NA,NA,NA,NA,NA,NA,NA,NA,NA,NA,NA,FB4_Log_File_Test_AndreafskyoyDV,TRUE,Daily_Output_Andreafsky_yoyDV
7,Andreafsky yoyDV test 7,41,Lake trout,0.129283991,p-value,0.37,32,124,1,13560,FALSE,FALSE,FALSE,FALSE,NA,NA,Main Inputs/Temperature_Andreafsky_2001.csv,Main Inputs/Diet_prop_yoyDV.csv,Main Inputs/Prey_E_jDV.csv,Main Inputs/Indigestible_Prey_jDV.csv,Main Inputs/Pred_E_jDV.csv,NA,NA,NA,NA,NA,NA,NA,NA,NA,NA,NA,FB4_Log_File_Test_AndreafskyoyDV,TRUE,Daily_Output_Andreafsky_yoyDV
8,Andreafsky yoyDV test 8,41,Lake trout,0.145725365,p-value,0.37,32,124,1,13560,FALSE,FALSE,FALSE,FALSE,NA,NA,Main Inputs/Temperature_Andreafsky_2001.csv,Main Inputs/Diet_prop_yoyDV.csv,Main Inputs/Prey_E_jDV.csv,Main Inputs/Indigestible_Prey_jDV.csv,Main Inputs/Pred_E_jDV.csv,NA,NA,NA,NA,NA,NA,NA,NA,NA,NA,NA,FB4_Log_File_Test_AndreafskyoyDV,TRUE,Daily_Output_Andreafsky_yoyDV
9,Andreafsky yoyDV test 9,41,Lake trout,0.163543981,p-value,0.37,32,124,1,13560,FALSE,FALSE,FALSE,FALSE,NA,NA,Main Inputs/Temperature_Andreafsky_2001.csv,Main Inputs/Diet_prop_yoyDV.csv,Main Inputs/Prey_E_jDV.csv,Main Inputs/Indigestible_Prey_jDV.csv,Main Inputs/Pred_E_jDV.csv,NA,NA,NA,NA,NA,NA,NA,NA,NA,NA,NA,FB4_Log_File_Test_AndreafskyoyDV,TRUE,Daily_Output_Andreafsky_yoyDV
10,Andreafsky yoyDV test 10,41,Lake trout,0.18279981,p-value,0.37,32,124,1,13560,FALSE,FALSE,FALSE,FALSE,NA,NA,Main Inputs/Temperature_Andreafsky_2001.csv,Main Inputs/Diet_prop_yoyDV.csv,Main Inputs/Prey_E_jDV.csv,Main Inputs/Indigestible_Prey_jDV.csv,Main Inputs/Pred_E_jDV.csv,NA,NA,NA,NA,NA,NA,NA,NA,NA,NA,NA,FB4_Log_File_Test_AndreafskyoyDV,TRUE,Daily_Output_Andreafsky_yoyDV
11,Andreafsky yoyDV test 11,41,Lake trout,0.203553189,p-value,0.37,32,124,1,13560,FALSE,FALSE,FALSE,FALSE,NA,NA,Main Inputs/Temperature_Andreafsky_2001.csv,Main Inputs/Diet_prop_yoyDV.csv,Main Inputs/Prey_E_jDV.csv,Main Inputs/Indigestible_Prey_jDV.csv,Main Inputs/Pred_E_jDV.csv,NA,NA,NA,NA,NA,NA,NA,NA,NA,NA,NA,FB4_Log_File_Test_AndreafskyoyDV,TRUE,Daily_Output_Andreafsky_yoyDV
12,Andreafsky yoyDV test 12,41,Lake trout,0.225864816,p-value,0.37,32,124,1,13560,FALSE,FALSE,FALSE,FALSE,NA,NA,Main Inputs/Temperature_Andreafsky_2001.csv,Main Inputs/Diet_prop_yoyDV.csv,Main Inputs/Prey_E_jDV.csv,Main Inputs/Indigestible_Prey_jDV.csv,Main Inputs/Pred_E_jDV.csv,NA,NA,NA,NA,NA,NA,NA,NA,NA,NA,NA,FB4_Log_File_Test_AndreafskyoyDV,TRUE,Daily_Output_Andreafsky_yoyDV
13,Andreafsky yoyDV test 13,41,Lake trout,0.249795737,p-value,0.37,32,124,1,13560,FALSE,FALSE,FALSE,FALSE,NA,NA,Main Inputs/Temperature_Andreafsky_2001.csv,Main Inputs/Diet_prop_yoyDV.csv,Main Inputs/Prey_E_jDV.csv,Main Inputs/Indigestible_Prey_jDV.csv,Main Inputs/Pred_E_jDV.csv,NA,NA,NA,NA,NA,NA,NA,NA,NA,NA,NA,FB4_Log_File_Test_AndreafskyoyDV,TRUE,Daily_Output_Andreafsky_yoyDV
14,Andreafsky yoyDV test 14,41,Lake trout,0.302761338,p-value,0.37,32,124,1,13560,FALSE,FALSE,FALSE,FALSE,NA,NA,Main Inputs/Temperature_Andreafsky_2001.csv,Main Inputs/Diet_prop_yoyDV.csv,Main Inputs/Prey_E_jDV.csv,Main Inputs/Indigestible_Prey_jDV.csv,Main Inputs/Pred_E_jDV.csv,NA,NA,NA,NA,NA,NA,NA,NA,NA,NA,NA,FB4_Log_File_Test_AndreafskyoyDV,TRUE,Daily_Output_Andreafsky_yoyDV
15,Andreafsky yoyDV test 15,41,Lake trout,0.331919775,p-value,0.37,32,124,1,13560,FALSE,FALSE,FALSE,FALSE,NA,NA,Main Inputs/Temperature_Andreafsky_2001.csv,Main Inputs/Diet_prop_yoyDV.csv,Main Inputs/Prey_E_jDV.csv,Main Inputs/Indigestible_Prey_jDV.csv,Main Inputs/Pred_E_jDV.csv,NA,NA,NA,NA,NA,NA,NA,NA,NA,NA,NA,FB4_Log_File_Test_AndreafskyoyDV,TRUE,Daily_Output_Andreafsky_yoyDV
16,Andreafsky yoyDV test 16,41,Lake trout,0.362945004,p-value,0.37,32,124,1,13560,FALSE,FALSE,FALSE,FALSE,NA,NA,Main Inputs/Temperature_Andreafsky_2001.csv,Main Inputs/Diet_prop_yoyDV.csv,Main Inputs/Prey_E_jDV.csv,Main Inputs/Indigestible_Prey_jDV.csv,Main Inputs/Pred_E_jDV.csv,NA,NA,NA,NA,NA,NA,NA,NA,NA,NA,NA,FB4_Log_File_Test_AndreafskyoyDV,TRUE,Daily_Output_Andreafsky_yoyDV
17,Andreafsky yoyDV test 17,41,Lake trout,0.430846787,p-value,0.37,32,124,1,13560,FALSE,FALSE,FALSE,FALSE,NA,NA,Main Inputs/Temperature_Andreafsky_2001.csv,Main Inputs/Diet_prop_yoyDV.csv,Main Inputs/Prey_E_jDV.csv,Main Inputs/Indigestible_Prey_jDV.csv,Main Inputs/Pred_E_jDV.csv,NA,NA,NA,NA,NA,NA,NA,NA,NA,NA,NA,FB4_Log_File_Test_AndreafskyoyDV,TRUE,Daily_Output_Andreafsky_yoyDV
18,Andreafsky yoyDV test 18,41,Lake trout,0.467849558,p-value,0.37,32,124,1,13560,FALSE,FALSE,FALSE,FALSE,NA,NA,Main Inputs/Temperature_Andreafsky_2001.csv,Main Inputs/Diet_prop_yoyDV.csv,Main Inputs/Prey_E_jDV.csv,Main Inputs/Indigestible_Prey_jDV.csv,Main Inputs/Pred_E_jDV.csv,NA,NA,NA,NA,NA,NA,NA,NA,NA,NA,NA,FB4_Log_File_Test_AndreafskyoyDV,TRUE,Daily_Output_Andreafsky_yoyDV
19,Andreafsky yoyDV test 19,41,Lake trout,0.506971543,p-value,0.37,32,124,1,13560,FALSE,FALSE,FALSE,FALSE,NA,NA,Main Inputs/Temperature_Andreafsky_2001.csv,Main Inputs/Diet_prop_yoyDV.csv,Main Inputs/Prey_E_jDV.csv,Main Inputs/Indigestible_Prey_jDV.csv,Main Inputs/Pred_E_jDV.csv,NA,NA,NA,NA,NA,NA,NA,NA,NA,NA,NA,FB4_Log_File_Test_AndreafskyoyDV,TRUE,Daily_Output_Andreafsky_yoyDV
20,Andreafsky yoyDV test 20,41,Lake trout,0.022584515,p-value,0.37,32,124,1,13560,FALSE,FALSE,FALSE,FALSE,NA,NA,Main Inputs/Temperature_Andreafsky_2004.csv,Main Inputs/Diet_prop_yoyDV.csv,Main Inputs/Prey_E_jDV.csv,Main Inputs/Indigestible_Prey_jDV.csv,Main Inputs/Pred_E_jDV.csv,NA,NA,NA,NA,NA,NA,NA,NA,NA,NA,NA,FB4_Log_File_Test_AndreafskyoyDV,TRUE,Daily_Output_Andreafsky_yoyDV
21,Andreafsky yoyDV test 21,41,Lake trout,0.040269263,p-value,0.37,32,124,1,13560,FALSE,FALSE,FALSE,FALSE,NA,NA,Main Inputs/Temperature_Andreafsky_2004.csv,Main Inputs/Diet_prop_yoyDV.csv,Main Inputs/Prey_E_jDV.csv,Main Inputs/Indigestible_Prey_jDV.csv,Main Inputs/Pred_E_jDV.csv,NA,NA,NA,NA,NA,NA,NA,NA,NA,NA,NA,FB4_Log_File_Test_AndreafskyoyDV,TRUE,Daily_Output_Andreafsky_yoyDV
22,Andreafsky yoyDV test 22,41,Lake trout,0.065664236,p-value,0.37,32,124,1,13560,FALSE,FALSE,FALSE,FALSE,NA,NA,Main Inputs/Temperature_Andreafsky_2004.csv,Main Inputs/Diet_prop_yoyDV.csv,Main Inputs/Prey_E_jDV.csv,Main Inputs/Indigestible_Prey_jDV.csv,Main Inputs/Pred_E_jDV.csv,NA,NA,NA,NA,NA,NA,NA,NA,NA,NA,NA,FB4_Log_File_Test_AndreafskyoyDV,TRUE,Daily_Output_Andreafsky_yoyDV
23,Andreafsky yoyDV test 23,41,Lake trout,0.076105148,p-value,0.37,32,124,1,13560,FALSE,FALSE,FALSE,FALSE,NA,NA,Main Inputs/Temperature_Andreafsky_2004.csv,Main Inputs/Diet_prop_yoyDV.csv,Main Inputs/Prey_E_jDV.csv,Main Inputs/Indigestible_Prey_jDV.csv,Main Inputs/Pred_E_jDV.csv,NA,NA,NA,NA,NA,NA,NA,NA,NA,NA,NA,FB4_Log_File_Test_AndreafskyoyDV,TRUE,Daily_Output_Andreafsky_yoyDV
24,Andreafsky yoyDV test 24,41,Lake trout,0.100295015,p-value,0.37,32,124,1,13560,FALSE,FALSE,FALSE,FALSE,NA,NA,Main Inputs/Temperature_Andreafsky_2004.csv,Main Inputs/Diet_prop_yoyDV.csv,Main Inputs/Prey_E_jDV.csv,Main Inputs/Indigestible_Prey_jDV.csv,Main Inputs/Pred_E_jDV.csv,NA,NA,NA,NA,NA,NA,NA,NA,NA,NA,NA,FB4_Log_File_Test_AndreafskyoyDV,TRUE,Daily_Output_Andreafsky_yoyDV
25,Andreafsky yoyDV test 25,41,Lake trout,0.114160273,p-value,0.37,32,124,1,13560,FALSE,FALSE,FALSE,FALSE,NA,NA,Main Inputs/Temperature_Andreafsky_2004.csv,Main Inputs/Diet_prop_yoyDV.csv,Main Inputs/Prey_E_jDV.csv,Main Inputs/Indigestible_Prey_jDV.csv,Main Inputs/Pred_E_jDV.csv,NA,NA,NA,NA,NA,NA,NA,NA,NA,NA,NA,FB4_Log_File_Test_AndreafskyoyDV,TRUE,Daily_Output_Andreafsky_yoyDV
26,Andreafsky yoyDV test 26,41,Lake trout,0.129283991,p-value,0.37,32,124,1,13560,FALSE,FALSE,FALSE,FALSE,NA,NA,Main Inputs/Temperature_Andreafsky_2004.csv,Main Inputs/Diet_prop_yoyDV.csv,Main Inputs/Prey_E_jDV.csv,Main Inputs/Indigestible_Prey_jDV.csv,Main Inputs/Pred_E_jDV.csv,NA,NA,NA,NA,NA,NA,NA,NA,NA,NA,NA,FB4_Log_File_Test_AndreafskyoyDV,TRUE,Daily_Output_Andreafsky_yoyDV
27,Andreafsky yoyDV test 27,41,Lake trout,0.145725365,p-value,0.37,32,124,1,13560,FALSE,FALSE,FALSE,FALSE,NA,NA,Main Inputs/Temperature_Andreafsky_2004.csv,Main Inputs/Diet_prop_yoyDV.csv,Main Inputs/Prey_E_jDV.csv,Main Inputs/Indigestible_Prey_jDV.csv,Main Inputs/Pred_E_jDV.csv,NA,NA,NA,NA,NA,NA,NA,NA,NA,NA,NA,FB4_Log_File_Test_AndreafskyoyDV,TRUE,Daily_Output_Andreafsky_yoyDV
28,Andreafsky yoyDV test 28,41,Lake trout,0.163543981,p-value,0.37,32,124,1,13560,FALSE,FALSE,FALSE,FALSE,NA,NA,Main Inputs/Temperature_Andreafsky_2004.csv,Main Inputs/Diet_prop_yoyDV.csv,Main Inputs/Prey_E_jDV.csv,Main Inputs/Indigestible_Prey_jDV.csv,Main Inputs/Pred_E_jDV.csv,NA,NA,NA,NA,NA,NA,NA,NA,NA,NA,NA,FB4_Log_File_Test_AndreafskyoyDV,TRUE,Daily_Output_Andreafsky_yoyDV
29,Andreafsky yoyDV test 29,41,Lake trout,0.18279981,p-value,0.37,32,124,1,13560,FALSE,FALSE,FALSE,FALSE,NA,NA,Main Inputs/Temperature_Andreafsky_2004.csv,Main Inputs/Diet_prop_yoyDV.csv,Main Inputs/Prey_E_jDV.csv,Main Inputs/Indigestible_Prey_jDV.csv,Main Inputs/Pred_E_jDV.csv,NA,NA,NA,NA,NA,NA,NA,NA,NA,NA,NA,FB4_Log_File_Test_AndreafskyoyDV,TRUE,Daily_Output_Andreafsky_yoyDV
30,Andreafsky yoyDV test 30,41,Lake trout,0.203553189,p-value,0.37,32,124,1,13560,FALSE,FALSE,FALSE,FALSE,NA,NA,Main Inputs/Temperature_Andreafsky_2004.csv,Main Inputs/Diet_prop_yoyDV.csv,Main Inputs/Prey_E_jDV.csv,Main Inputs/Indigestible_Prey_jDV.csv,Main Inputs/Pred_E_jDV.csv,NA,NA,NA,NA,NA,NA,NA,NA,NA,NA,NA,FB4_Log_File_Test_AndreafskyoyDV,TRUE,Daily_Output_Andreafsky_yoyDV
31,Andreafsky yoyDV test 31,41,Lake trout,0.225864816,p-value,0.37,32,124,1,13560,FALSE,FALSE,FALSE,FALSE,NA,NA,Main Inputs/Temperature_Andreafsky_2004.csv,Main Inputs/Diet_prop_yoyDV.csv,Main Inputs/Prey_E_jDV.csv,Main Inputs/Indigestible_Prey_jDV.csv,Main Inputs/Pred_E_jDV.csv,NA,NA,NA,NA,NA,NA,NA,NA,NA,NA,NA,FB4_Log_File_Test_AndreafskyoyDV,TRUE,Daily_Output_Andreafsky_yoyDV
32,Andreafsky yoyDV test 32,41,Lake trout,0.249795737,p-value,0.37,32,124,1,13560,FALSE,FALSE,FALSE,FALSE,NA,NA,Main Inputs/Temperature_Andreafsky_2004.csv,Main Inputs/Diet_prop_yoyDV.csv,Main Inputs/Prey_E_jDV.csv,Main Inputs/Indigestible_Prey_jDV.csv,Main Inputs/Pred_E_jDV.csv,NA,NA,NA,NA,NA,NA,NA,NA,NA,NA,NA,FB4_Log_File_Test_AndreafskyoyDV,TRUE,Daily_Output_Andreafsky_yoyDV
33,Andreafsky yoyDV test 33,41,Lake trout,0.302761338,p-value,0.37,32,124,1,13560,FALSE,FALSE,FALSE,FALSE,NA,NA,Main Inputs/Temperature_Andreafsky_2004.csv,Main Inputs/Diet_prop_yoyDV.csv,Main Inputs/Prey_E_jDV.csv,Main Inputs/Indigestible_Prey_jDV.csv,Main Inputs/Pred_E_jDV.csv,NA,NA,NA,NA,NA,NA,NA,NA,NA,NA,NA,FB4_Log_File_Test_AndreafskyoyDV,TRUE,Daily_Output_Andreafsky_yoyDV
34,Andreafsky yoyDV test 34,41,Lake trout,0.331919775,p-value,0.37,32,124,1,13560,FALSE,FALSE,FALSE,FALSE,NA,NA,Main Inputs/Temperature_Andreafsky_2004.csv,Main Inputs/Diet_prop_yoyDV.csv,Main Inputs/Prey_E_jDV.csv,Main Inputs/Indigestible_Prey_jDV.csv,Main Inputs/Pred_E_jDV.csv,NA,NA,NA,NA,NA,NA,NA,NA,NA,NA,NA,FB4_Log_File_Test_AndreafskyoyDV,TRUE,Daily_Output_Andreafsky_yoyDV
35,Andreafsky yoyDV test 35,41,Lake trout,0.362945004,p-value,0.37,32,124,1,13560,FALSE,FALSE,FALSE,FALSE,NA,NA,Main Inputs/Temperature_Andreafsky_2004.csv,Main Inputs/Diet_prop_yoyDV.csv,Main Inputs/Prey_E_jDV.csv,Main Inputs/Indigestible_Prey_jDV.csv,Main Inputs/Pred_E_jDV.csv,NA,NA,NA,NA,NA,NA,NA,NA,NA,NA,NA,FB4_Log_File_Test_AndreafskyoyDV,TRUE,Daily_Output_Andreafsky_yoyDV
36,Andreafsky yoyDV test 36,41,Lake trout,0.430846787,p-value,0.37,32,124,1,13560,FALSE,FALSE,FALSE,FALSE,NA,NA,Main Inputs/Temperature_Andreafsky_2004.csv,Main Inputs/Diet_prop_yoyDV.csv,Main Inputs/Prey_E_jDV.csv,Main Inputs/Indigestible_Prey_jDV.csv,Main Inputs/Pred_E_jDV.csv,NA,NA,NA,NA,NA,NA,NA,NA,NA,NA,NA,FB4_Log_File_Test_AndreafskyoyDV,TRUE,Daily_Output_Andreafsky_yoyDV
37,Andreafsky yoyDV test 37,41,Lake trout,0.467849558,p-value,0.37,32,124,1,13560,FALSE,FALSE,FALSE,FALSE,NA,NA,Main Inputs/Temperature_Andreafsky_2004.csv,Main Inputs/Diet_prop_yoyDV.csv,Main Inputs/Prey_E_jDV.csv,Main Inputs/Indigestible_Prey_jDV.csv,Main Inputs/Pred_E_jDV.csv,NA,NA,NA,NA,NA,NA,NA,NA,NA,NA,NA,FB4_Log_File_Test_AndreafskyoyDV,TRUE,Daily_Output_Andreafsky_yoyDV
38,Andreafsky yoyDV test 38,41,Lake trout,0.506971543,p-value,0.37,32,124,1,13560,FALSE,FALSE,FALSE,FALSE,NA,NA,Main Inputs/Temperature_Andreafsky_2004.csv,Main Inputs/Diet_prop_yoyDV.csv,Main Inputs/Prey_E_jDV.csv,Main Inputs/Indigestible_Prey_jDV.csv,Main Inputs/Pred_E_jDV.csv,NA,NA,NA,NA,NA,NA,NA,NA,NA,NA,NA,FB4_Log_File_Test_AndreafskyoyDV,TRUE,Daily_Output_Andreafsky_yoyDV
39,Andreafsky yoyDV test 39,41,Lake trout,0.022584515,p-value,0.37,32,124,1,13560,FALSE,FALSE,FALSE,FALSE,NA,NA,Main Inputs/Temperature_Andreafsky_average.csv,Main Inputs/Diet_prop_yoyDV.csv,Main Inputs/Prey_E_jDV.csv,Main Inputs/Indigestible_Prey_jDV.csv,Main Inputs/Pred_E_jDV.csv,NA,NA,NA,NA,NA,NA,NA,NA,NA,NA,NA,FB4_Log_File_Test_AndreafskyoyDV,TRUE,Daily_Output_Andreafsky_yoyDV
40,Andreafsky yoyDV test 40,41,Lake trout,0.040269263,p-value,0.37,32,124,1,13560,FALSE,FALSE,FALSE,FALSE,NA,NA,Main Inputs/Temperature_Andreafsky_average.csv,Main Inputs/Diet_prop_yoyDV.csv,Main Inputs/Prey_E_jDV.csv,Main Inputs/Indigestible_Prey_jDV.csv,Main Inputs/Pred_E_jDV.csv,NA,NA,NA,NA,NA,NA,NA,NA,NA,NA,NA,FB4_Log_File_Test_AndreafskyoyDV,TRUE,Daily_Output_Andreafsky_yoyDV
41,Andreafsky yoyDV test 41,41,Lake trout,0.065664236,p-value,0.37,32,124,1,13560,FALSE,FALSE,FALSE,FALSE,NA,NA,Main Inputs/Temperature_Andreafsky_average.csv,Main Inputs/Diet_prop_yoyDV.csv,Main Inputs/Prey_E_jDV.csv,Main Inputs/Indigestible_Prey_jDV.csv,Main Inputs/Pred_E_jDV.csv,NA,NA,NA,NA,NA,NA,NA,NA,NA,NA,NA,FB4_Log_File_Test_AndreafskyoyDV,TRUE,Daily_Output_Andreafsky_yoyDV
42,Andreafsky yoyDV test 42,41,Lake trout,0.076105148,p-value,0.37,32,124,1,13560,FALSE,FALSE,FALSE,FALSE,NA,NA,Main Inputs/Temperature_Andreafsky_average.csv,Main Inputs/Diet_prop_yoyDV.csv,Main Inputs/Prey_E_jDV.csv,Main Inputs/Indigestible_Prey_jDV.csv,Main Inputs/Pred_E_jDV.csv,NA,NA,NA,NA,NA,NA,NA,NA,NA,NA,NA,FB4_Log_File_Test_AndreafskyoyDV,TRUE,Daily_Output_Andreafsky_yoyDV
43,Andreafsky yoyDV test 43,41,Lake trout,0.100295015,p-value,0.37,32,124,1,13560,FALSE,FALSE,FALSE,FALSE,NA,NA,Main Inputs/Temperature_Andreafsky_average.csv,Main Inputs/Diet_prop_yoyDV.csv,Main Inputs/Prey_E_jDV.csv,Main Inputs/Indigestible_Prey_jDV.csv,Main Inputs/Pred_E_jDV.csv,NA,NA,NA,NA,NA,NA,NA,NA,NA,NA,NA,FB4_Log_File_Test_AndreafskyoyDV,TRUE,Daily_Output_Andreafsky_yoyDV
44,Andreafsky yoyDV test 44,41,Lake trout,0.114160273,p-value,0.37,32,124,1,13560,FALSE,FALSE,FALSE,FALSE,NA,NA,Main Inputs/Temperature_Andreafsky_average.csv,Main Inputs/Diet_prop_yoyDV.csv,Main Inputs/Prey_E_jDV.csv,Main Inputs/Indigestible_Prey_jDV.csv,Main Inputs/Pred_E_jDV.csv,NA,NA,NA,NA,NA,NA,NA,NA,NA,NA,NA,FB4_Log_File_Test_AndreafskyoyDV,TRUE,Daily_Output_Andreafsky_yoyDV
45,Andreafsky yoyDV test 45,41,Lake trout,0.129283991,p-value,0.37,32,124,1,13560,FALSE,FALSE,FALSE,FALSE,NA,NA,Main Inputs/Temperature_Andreafsky_average.csv,Main Inputs/Diet_prop_yoyDV.csv,Main Inputs/Prey_E_jDV.csv,Main Inputs/Indigestible_Prey_jDV.csv,Main Inputs/Pred_E_jDV.csv,NA,NA,NA,NA,NA,NA,NA,NA,NA,NA,NA,FB4_Log_File_Test_AndreafskyoyDV,TRUE,Daily_Output_Andreafsky_yoyDV
46,Andreafsky yoyDV test 46,41,Lake trout,0.145725365,p-value,0.37,32,124,1,13560,FALSE,FALSE,FALSE,FALSE,NA,NA,Main Inputs/Temperature_Andreafsky_average.csv,Main Inputs/Diet_prop_yoyDV.csv,Main Inputs/Prey_E_jDV.csv,Main Inputs/Indigestible_Prey_jDV.csv,Main Inputs/Pred_E_jDV.csv,NA,NA,NA,NA,NA,NA,NA,NA,NA,NA,NA,FB4_Log_File_Test_AndreafskyoyDV,TRUE,Daily_Output_Andreafsky_yoyDV
47,Andreafsky yoyDV test 47,41,Lake trout,0.163543981,p-value,0.37,32,124,1,13560,FALSE,FALSE,FALSE,FALSE,NA,NA,Main Inputs/Temperature_Andreafsky_average.csv,Main Inputs/Diet_prop_yoyDV.csv,Main Inputs/Prey_E_jDV.csv,Main Inputs/Indigestible_Prey_jDV.csv,Main Inputs/Pred_E_jDV.csv,NA,NA,NA,NA,NA,NA,NA,NA,NA,NA,NA,FB4_Log_File_Test_AndreafskyoyDV,TRUE,Daily_Output_Andreafsky_yoyDV
48,Andreafsky yoyDV test 48,41,Lake trout,0.18279981,p-value,0.37,32,124,1,13560,FALSE,FALSE,FALSE,FALSE,NA,NA,Main Inputs/Temperature_Andreafsky_average.csv,Main Inputs/Diet_prop_yoyDV.csv,Main Inputs/Prey_E_jDV.csv,Main Inputs/Indigestible_Prey_jDV.csv,Main Inputs/Pred_E_jDV.csv,NA,NA,NA,NA,NA,NA,NA,NA,NA,NA,NA,FB4_Log_File_Test_AndreafskyoyDV,TRUE,Daily_Output_Andreafsky_yoyDV
49,Andreafsky yoyDV test 49,41,Lake trout,0.203553189,p-value,0.37,32,124,1,13560,FALSE,FALSE,FALSE,FALSE,NA,NA,Main Inputs/Temperature_Andreafsky_average.csv,Main Inputs/Diet_prop_yoyDV.csv,Main Inputs/Prey_E_jDV.csv,Main Inputs/Indigestible_Prey_jDV.csv,Main Inputs/Pred_E_jDV.csv,NA,NA,NA,NA,NA,NA,NA,NA,NA,NA,NA,FB4_Log_File_Test_AndreafskyoyDV,TRUE,Daily_Output_Andreafsky_yoyDV
50,Andreafsky yoyDV test 50,41,Lake trout,0.225864816,p-value,0.37,32,124,1,13560,FALSE,FALSE,FALSE,FALSE,NA,NA,Main Inputs/Temperature_Andreafsky_average.csv,Main Inputs/Diet_prop_yoyDV.csv,Main Inputs/Prey_E_jDV.csv,Main Inputs/Indigestible_Prey_jDV.csv,Main Inputs/Pred_E_jDV.csv,NA,NA,NA,NA,NA,NA,NA,NA,NA,NA,NA,FB4_Log_File_Test_AndreafskyoyDV,TRUE,Daily_Output_Andreafsky_yoyDV
51,Andreafsky yoyDV test 51,41,Lake trout,0.249795737,p-value,0.37,32,124,1,13560,FALSE,FALSE,FALSE,FALSE,NA,NA,Main Inputs/Temperature_Andreafsky_average.csv,Main Inputs/Diet_prop_yoyDV.csv,Main Inputs/Prey_E_jDV.csv,Main Inputs/Indigestible_Prey_jDV.csv,Main Inputs/Pred_E_jDV.csv,NA,NA,NA,NA,NA,NA,NA,NA,NA,NA,NA,FB4_Log_File_Test_AndreafskyoyDV,TRUE,Daily_Output_Andreafsky_yoyDV
52,Andreafsky yoyDV test 52,41,Lake trout,0.302761338,p-value,0.37,32,124,1,13560,FALSE,FALSE,FALSE,FALSE,NA,NA,Main Inputs/Temperature_Andreafsky_average.csv,Main Inputs/Diet_prop_yoyDV.csv,Main Inputs/Prey_E_jDV.csv,Main Inputs/Indigestible_Prey_jDV.csv,Main Inputs/Pred_E_jDV.csv,NA,NA,NA,NA,NA,NA,NA,NA,NA,NA,NA,FB4_Log_File_Test_AndreafskyoyDV,TRUE,Daily_Output_Andreafsky_yoyDV
53,Andreafsky yoyDV test 53,41,Lake trout,0.331919775,p-value,0.37,32,124,1,13560,FALSE,FALSE,FALSE,FALSE,NA,NA,Main Inputs/Temperature_Andreafsky_average.csv,Main Inputs/Diet_prop_yoyDV.csv,Main Inputs/Prey_E_jDV.csv,Main Inputs/Indigestible_Prey_jDV.csv,Main Inputs/Pred_E_jDV.csv,NA,NA,NA,NA,NA,NA,NA,NA,NA,NA,NA,FB4_Log_File_Test_AndreafskyoyDV,TRUE,Daily_Output_Andreafsky_yoyDV
54,Andreafsky yoyDV test 54,41,Lake trout,0.362945004,p-value,0.37,32,124,1,13560,FALSE,FALSE,FALSE,FALSE,NA,NA,Main Inputs/Temperature_Andreafsky_average.csv,Main Inputs/Diet_prop_yoyDV.csv,Main Inputs/Prey_E_jDV.csv,Main Inputs/Indigestible_Prey_jDV.csv,Main Inputs/Pred_E_jDV.csv,NA,NA,NA,NA,NA,NA,NA,NA,NA,NA,NA,FB4_Log_File_Test_AndreafskyoyDV,TRUE,Daily_Output_Andreafsky_yoyDV
55,Andreafsky yoyDV test 55,41,Lake trout,0.430846787,p-value,0.37,32,124,1,13560,FALSE,FALSE,FALSE,FALSE,NA,NA,Main Inputs/Temperature_Andreafsky_average.csv,Main Inputs/Diet_prop_yoyDV.csv,Main Inputs/Prey_E_jDV.csv,Main Inputs/Indigestible_Prey_jDV.csv,Main Inputs/Pred_E_jDV.csv,NA,NA,NA,NA,NA,NA,NA,NA,NA,NA,NA,FB4_Log_File_Test_AndreafskyoyDV,TRUE,Daily_Output_Andreafsky_yoyDV
56,Andreafsky yoyDV test 56,41,Lake trout,0.467849558,p-value,0.37,32,124,1,13560,FALSE,FALSE,FALSE,FALSE,NA,NA,Main Inputs/Temperature_Andreafsky_average.csv,Main Inputs/Diet_prop_yoyDV.csv,Main Inputs/Prey_E_jDV.csv,Main Inputs/Indigestible_Prey_jDV.csv,Main Inputs/Pred_E_jDV.csv,NA,NA,NA,NA,NA,NA,NA,NA,NA,NA,NA,FB4_Log_File_Test_AndreafskyoyDV,TRUE,Daily_Output_Andreafsky_yoyDV
57,Andreafsky yoyDV test 57,41,Lake trout,0.506971543,p-value,0.37,32,124,1,13560,FALSE,FALSE,FALSE,FALSE,NA,NA,Main Inputs/Temperature_Andreafsky_average.csv,Main Inputs/Diet_prop_yoyDV.csv,Main Inputs/Prey_E_jDV.csv,Main Inputs/Indigestible_Prey_jDV.csv,Main Inputs/Pred_E_jDV.csv,NA,NA,NA,NA,NA,NA,NA,NA,NA,NA,NA,FB4_Log_File_Test_AndreafskyoyDV,TRUE,Daily_Output_Andreafsky_yoyDV
58,Andreafsky yoyDV test 58,41,Lake trout,0.022584515,p-value,0.37,32,124,1,13560,FALSE,FALSE,FALSE,FALSE,NA,NA,Main Inputs/Temperature_Andreafsky_2045highpgw.csv,Main Inputs/Diet_prop_yoyDV.csv,Main Inputs/Prey_E_jDV.csv,Main Inputs/Indigestible_Prey_jDV.csv,Main Inputs/Pred_E_jDV.csv,NA,NA,NA,NA,NA,NA,NA,NA,NA,NA,NA,FB4_Log_File_Test_AndreafskyoyDV,TRUE,Daily_Output_Andreafsky_yoyDV
59,Andreafsky yoyDV test 59,41,Lake trout,0.040269263,p-value,0.37,32,124,1,13560,FALSE,FALSE,FALSE,FALSE,NA,NA,Main Inputs/Temperature_Andreafsky_2045highpgw.csv,Main Inputs/Diet_prop_yoyDV.csv,Main Inputs/Prey_E_jDV.csv,Main Inputs/Indigestible_Prey_jDV.csv,Main Inputs/Pred_E_jDV.csv,NA,NA,NA,NA,NA,NA,NA,NA,NA,NA,NA,FB4_Log_File_Test_AndreafskyoyDV,TRUE,Daily_Output_Andreafsky_yoyDV
60,Andreafsky yoyDV test 60,41,Lake trout,0.065664236,p-value,0.37,32,124,1,13560,FALSE,FALSE,FALSE,FALSE,NA,NA,Main Inputs/Temperature_Andreafsky_2045highpgw.csv,Main Inputs/Diet_prop_yoyDV.csv,Main Inputs/Prey_E_jDV.csv,Main Inputs/Indigestible_Prey_jDV.csv,Main Inputs/Pred_E_jDV.csv,NA,NA,NA,NA,NA,NA,NA,NA,NA,NA,NA,FB4_Log_File_Test_AndreafskyoyDV,TRUE,Daily_Output_Andreafsky_yoyDV
61,Andreafsky yoyDV test 61,41,Lake trout,0.076105148,p-value,0.37,32,124,1,13560,FALSE,FALSE,FALSE,FALSE,NA,NA,Main Inputs/Temperature_Andreafsky_2045highpgw.csv,Main Inputs/Diet_prop_yoyDV.csv,Main Inputs/Prey_E_jDV.csv,Main Inputs/Indigestible_Prey_jDV.csv,Main Inputs/Pred_E_jDV.csv,NA,NA,NA,NA,NA,NA,NA,NA,NA,NA,NA,FB4_Log_File_Test_AndreafskyoyDV,TRUE,Daily_Output_Andreafsky_yoyDV
62,Andreafsky yoyDV test 62,41,Lake trout,0.100295015,p-value,0.37,32,124,1,13560,FALSE,FALSE,FALSE,FALSE,NA,NA,Main Inputs/Temperature_Andreafsky_2045highpgw.csv,Main Inputs/Diet_prop_yoyDV.csv,Main Inputs/Prey_E_jDV.csv,Main Inputs/Indigestible_Prey_jDV.csv,Main Inputs/Pred_E_jDV.csv,NA,NA,NA,NA,NA,NA,NA,NA,NA,NA,NA,FB4_Log_File_Test_AndreafskyoyDV,TRUE,Daily_Output_Andreafsky_yoyDV
63,Andreafsky yoyDV test 63,41,Lake trout,0.114160273,p-value,0.37,32,124,1,13560,FALSE,FALSE,FALSE,FALSE,NA,NA,Main Inputs/Temperature_Andreafsky_2045highpgw.csv,Main Inputs/Diet_prop_yoyDV.csv,Main Inputs/Prey_E_jDV.csv,Main Inputs/Indigestible_Prey_jDV.csv,Main Inputs/Pred_E_jDV.csv,NA,NA,NA,NA,NA,NA,NA,NA,NA,NA,NA,FB4_Log_File_Test_AndreafskyoyDV,TRUE,Daily_Output_Andreafsky_yoyDV
64,Andreafsky yoyDV test 64,41,Lake trout,0.129283991,p-value,0.37,32,124,1,13560,FALSE,FALSE,FALSE,FALSE,NA,NA,Main Inputs/Temperature_Andreafsky_2045highpgw.csv,Main Inputs/Diet_prop_yoyDV.csv,Main Inputs/Prey_E_jDV.csv,Main Inputs/Indigestible_Prey_jDV.csv,Main Inputs/Pred_E_jDV.csv,NA,NA,NA,NA,NA,NA,NA,NA,NA,NA,NA,FB4_Log_File_Test_AndreafskyoyDV,TRUE,Daily_Output_Andreafsky_yoyDV
65,Andreafsky yoyDV test 65,41,Lake trout,0.145725365,p-value,0.37,32,124,1,13560,FALSE,FALSE,FALSE,FALSE,NA,NA,Main Inputs/Temperature_Andreafsky_2045highpgw.csv,Main Inputs/Diet_prop_yoyDV.csv,Main Inputs/Prey_E_jDV.csv,Main Inputs/Indigestible_Prey_jDV.csv,Main Inputs/Pred_E_jDV.csv,NA,NA,NA,NA,NA,NA,NA,NA,NA,NA,NA,FB4_Log_File_Test_AndreafskyoyDV,TRUE,Daily_Output_Andreafsky_yoyDV
66,Andreafsky yoyDV test 66,41,Lake trout,0.163543981,p-value,0.37,32,124,1,13560,FALSE,FALSE,FALSE,FALSE,NA,NA,Main Inputs/Temperature_Andreafsky_2045highpgw.csv,Main Inputs/Diet_prop_yoyDV.csv,Main Inputs/Prey_E_jDV.csv,Main Inputs/Indigestible_Prey_jDV.csv,Main Inputs/Pred_E_jDV.csv,NA,NA,NA,NA,NA,NA,NA,NA,NA,NA,NA,FB4_Log_File_Test_AndreafskyoyDV,TRUE,Daily_Output_Andreafsky_yoyDV
67,Andreafsky yoyDV test 67,41,Lake trout,0.18279981,p-value,0.37,32,124,1,13560,FALSE,FALSE,FALSE,FALSE,NA,NA,Main Inputs/Temperature_Andreafsky_2045highpgw.csv,Main Inputs/Diet_prop_yoyDV.csv,Main Inputs/Prey_E_jDV.csv,Main Inputs/Indigestible_Prey_jDV.csv,Main Inputs/Pred_E_jDV.csv,NA,NA,NA,NA,NA,NA,NA,NA,NA,NA,NA,FB4_Log_File_Test_AndreafskyoyDV,TRUE,Daily_Output_Andreafsky_yoyDV
68,Andreafsky yoyDV test 68,41,Lake trout,0.203553189,p-value,0.37,32,124,1,13560,FALSE,FALSE,FALSE,FALSE,NA,NA,Main Inputs/Temperature_Andreafsky_2045highpgw.csv,Main Inputs/Diet_prop_yoyDV.csv,Main Inputs/Prey_E_jDV.csv,Main Inputs/Indigestible_Prey_jDV.csv,Main Inputs/Pred_E_jDV.csv,NA,NA,NA,NA,NA,NA,NA,NA,NA,NA,NA,FB4_Log_File_Test_AndreafskyoyDV,TRUE,Daily_Output_Andreafsky_yoyDV
69,Andreafsky yoyDV test 69,41,Lake trout,0.225864816,p-value,0.37,32,124,1,13560,FALSE,FALSE,FALSE,FALSE,NA,NA,Main Inputs/Temperature_Andreafsky_2045highpgw.csv,Main Inputs/Diet_prop_yoyDV.csv,Main Inputs/Prey_E_jDV.csv,Main Inputs/Indigestible_Prey_jDV.csv,Main Inputs/Pred_E_jDV.csv,NA,NA,NA,NA,NA,NA,NA,NA,NA,NA,NA,FB4_Log_File_Test_AndreafskyoyDV,TRUE,Daily_Output_Andreafsky_yoyDV
70,Andreafsky yoyDV test 70,41,Lake trout,0.249795737,p-value,0.37,32,124,1,13560,FALSE,FALSE,FALSE,FALSE,NA,NA,Main Inputs/Temperature_Andreafsky_2045highpgw.csv,Main Inputs/Diet_prop_yoyDV.csv,Main Inputs/Prey_E_jDV.csv,Main Inputs/Indigestible_Prey_jDV.csv,Main Inputs/Pred_E_jDV.csv,NA,NA,NA,NA,NA,NA,NA,NA,NA,NA,NA,FB4_Log_File_Test_AndreafskyoyDV,TRUE,Daily_Output_Andreafsky_yoyDV
71,Andreafsky yoyDV test 71,41,Lake trout,0.302761338,p-value,0.37,32,124,1,13560,FALSE,FALSE,FALSE,FALSE,NA,NA,Main Inputs/Temperature_Andreafsky_2045highpgw.csv,Main Inputs/Diet_prop_yoyDV.csv,Main Inputs/Prey_E_jDV.csv,Main Inputs/Indigestible_Prey_jDV.csv,Main Inputs/Pred_E_jDV.csv,NA,NA,NA,NA,NA,NA,NA,NA,NA,NA,NA,FB4_Log_File_Test_AndreafskyoyDV,TRUE,Daily_Output_Andreafsky_yoyDV
72,Andreafsky yoyDV test 72,41,Lake trout,0.331919775,p-value,0.37,32,124,1,13560,FALSE,FALSE,FALSE,FALSE,NA,NA,Main Inputs/Temperature_Andreafsky_2045highpgw.csv,Main Inputs/Diet_prop_yoyDV.csv,Main Inputs/Prey_E_jDV.csv,Main Inputs/Indigestible_Prey_jDV.csv,Main Inputs/Pred_E_jDV.csv,NA,NA,NA,NA,NA,NA,NA,NA,NA,NA,NA,FB4_Log_File_Test_AndreafskyoyDV,TRUE,Daily_Output_Andreafsky_yoyDV
73,Andreafsky yoyDV test 73,41,Lake trout,0.362945004,p-value,0.37,32,124,1,13560,FALSE,FALSE,FALSE,FALSE,NA,NA,Main Inputs/Temperature_Andreafsky_2045highpgw.csv,Main Inputs/Diet_prop_yoyDV.csv,Main Inputs/Prey_E_jDV.csv,Main Inputs/Indigestible_Prey_jDV.csv,Main Inputs/Pred_E_jDV.csv,NA,NA,NA,NA,NA,NA,NA,NA,NA,NA,NA,FB4_Log_File_Test_AndreafskyoyDV,TRUE,Daily_Output_Andreafsky_yoyDV
74,Andreafsky yoyDV test 74,41,Lake trout,0.430846787,p-value,0.37,32,124,1,13560,FALSE,FALSE,FALSE,FALSE,NA,NA,Main Inputs/Temperature_Andreafsky_2045highpgw.csv,Main Inputs/Diet_prop_yoyDV.csv,Main Inputs/Prey_E_jDV.csv,Main Inputs/Indigestible_Prey_jDV.csv,Main Inputs/Pred_E_jDV.csv,NA,NA,NA,NA,NA,NA,NA,NA,NA,NA,NA,FB4_Log_File_Test_AndreafskyoyDV,TRUE,Daily_Output_Andreafsky_yoyDV
75,Andreafsky yoyDV test 75,41,Lake trout,0.467849558,p-value,0.37,32,124,1,13560,FALSE,FALSE,FALSE,FALSE,NA,NA,Main Inputs/Temperature_Andreafsky_2045highpgw.csv,Main Inputs/Diet_prop_yoyDV.csv,Main Inputs/Prey_E_jDV.csv,Main Inputs/Indigestible_Prey_jDV.csv,Main Inputs/Pred_E_jDV.csv,NA,NA,NA,NA,NA,NA,NA,NA,NA,NA,NA,FB4_Log_File_Test_AndreafskyoyDV,TRUE,Daily_Output_Andreafsky_yoyDV
76,Andreafsky yoyDV test 76,41,Lake trout,0.506971543,p-value,0.37,32,124,1,13560,FALSE,FALSE,FALSE,FALSE,NA,NA,Main Inputs/Temperature_Andreafsky_2045highpgw.csv,Main Inputs/Diet_prop_yoyDV.csv,Main Inputs/Prey_E_jDV.csv,Main Inputs/Indigestible_Prey_jDV.csv,Main Inputs/Pred_E_jDV.csv,NA,NA,NA,NA,NA,NA,NA,NA,NA,NA,NA,FB4_Log_File_Test_AndreafskyoyDV,TRUE,Daily_Output_Andreafsky_yoyDV
77,Andreafsky yoyDV test 77,41,Lake trout,0.022584515,p-value,0.37,32,124,1,13560,FALSE,FALSE,FALSE,FALSE,NA,NA,Main Inputs/Temperature_Andreafsky_2048highpgw.csv,Main Inputs/Diet_prop_yoyDV.csv,Main Inputs/Prey_E_jDV.csv,Main Inputs/Indigestible_Prey_jDV.csv,Main Inputs/Pred_E_jDV.csv,NA,NA,NA,NA,NA,NA,NA,NA,NA,NA,NA,FB4_Log_File_Test_AndreafskyoyDV,TRUE,Daily_Output_Andreafsky_yoyDV
78,Andreafsky yoyDV test 78,41,Lake trout,0.040269263,p-value,0.37,32,124,1,13560,FALSE,FALSE,FALSE,FALSE,NA,NA,Main Inputs/Temperature_Andreafsky_2048highpgw.csv,Main Inputs/Diet_prop_yoyDV.csv,Main Inputs/Prey_E_jDV.csv,Main Inputs/Indigestible_Prey_jDV.csv,Main Inputs/Pred_E_jDV.csv,NA,NA,NA,NA,NA,NA,NA,NA,NA,NA,NA,FB4_Log_File_Test_AndreafskyoyDV,TRUE,Daily_Output_Andreafsky_yoyDV
79,Andreafsky yoyDV test 79,41,Lake trout,0.065664236,p-value,0.37,32,124,1,13560,FALSE,FALSE,FALSE,FALSE,NA,NA,Main Inputs/Temperature_Andreafsky_2048highpgw.csv,Main Inputs/Diet_prop_yoyDV.csv,Main Inputs/Prey_E_jDV.csv,Main Inputs/Indigestible_Prey_jDV.csv,Main Inputs/Pred_E_jDV.csv,NA,NA,NA,NA,NA,NA,NA,NA,NA,NA,NA,FB4_Log_File_Test_AndreafskyoyDV,TRUE,Daily_Output_Andreafsky_yoyDV
80,Andreafsky yoyDV test 80,41,Lake trout,0.076105148,p-value,0.37,32,124,1,13560,FALSE,FALSE,FALSE,FALSE,NA,NA,Main Inputs/Temperature_Andreafsky_2048highpgw.csv,Main Inputs/Diet_prop_yoyDV.csv,Main Inputs/Prey_E_jDV.csv,Main Inputs/Indigestible_Prey_jDV.csv,Main Inputs/Pred_E_jDV.csv,NA,NA,NA,NA,NA,NA,NA,NA,NA,NA,NA,FB4_Log_File_Test_AndreafskyoyDV,TRUE,Daily_Output_Andreafsky_yoyDV
81,Andreafsky yoyDV test 81,41,Lake trout,0.100295015,p-value,0.37,32,124,1,13560,FALSE,FALSE,FALSE,FALSE,NA,NA,Main Inputs/Temperature_Andreafsky_2048highpgw.csv,Main Inputs/Diet_prop_yoyDV.csv,Main Inputs/Prey_E_jDV.csv,Main Inputs/Indigestible_Prey_jDV.csv,Main Inputs/Pred_E_jDV.csv,NA,NA,NA,NA,NA,NA,NA,NA,NA,NA,NA,FB4_Log_File_Test_AndreafskyoyDV,TRUE,Daily_Output_Andreafsky_yoyDV
82,Andreafsky yoyDV test 82,41,Lake trout,0.114160273,p-value,0.37,32,124,1,13560,FALSE,FALSE,FALSE,FALSE,NA,NA,Main Inputs/Temperature_Andreafsky_2048highpgw.csv,Main Inputs/Diet_prop_yoyDV.csv,Main Inputs/Prey_E_jDV.csv,Main Inputs/Indigestible_Prey_jDV.csv,Main Inputs/Pred_E_jDV.csv,NA,NA,NA,NA,NA,NA,NA,NA,NA,NA,NA,FB4_Log_File_Test_AndreafskyoyDV,TRUE,Daily_Output_Andreafsky_yoyDV
83,Andreafsky yoyDV test 83,41,Lake trout,0.129283991,p-value,0.37,32,124,1,13560,FALSE,FALSE,FALSE,FALSE,NA,NA,Main Inputs/Temperature_Andreafsky_2048highpgw.csv,Main Inputs/Diet_prop_yoyDV.csv,Main Inputs/Prey_E_jDV.csv,Main Inputs/Indigestible_Prey_jDV.csv,Main Inputs/Pred_E_jDV.csv,NA,NA,NA,NA,NA,NA,NA,NA,NA,NA,NA,FB4_Log_File_Test_AndreafskyoyDV,TRUE,Daily_Output_Andreafsky_yoyDV
84,Andreafsky yoyDV test 84,41,Lake trout,0.145725365,p-value,0.37,32,124,1,13560,FALSE,FALSE,FALSE,FALSE,NA,NA,Main Inputs/Temperature_Andreafsky_2048highpgw.csv,Main Inputs/Diet_prop_yoyDV.csv,Main Inputs/Prey_E_jDV.csv,Main Inputs/Indigestible_Prey_jDV.csv,Main Inputs/Pred_E_jDV.csv,NA,NA,NA,NA,NA,NA,NA,NA,NA,NA,NA,FB4_Log_File_Test_AndreafskyoyDV,TRUE,Daily_Output_Andreafsky_yoyDV
85,Andreafsky yoyDV test 85,41,Lake trout,0.163543981,p-value,0.37,32,124,1,13560,FALSE,FALSE,FALSE,FALSE,NA,NA,Main Inputs/Temperature_Andreafsky_2048highpgw.csv,Main Inputs/Diet_prop_yoyDV.csv,Main Inputs/Prey_E_jDV.csv,Main Inputs/Indigestible_Prey_jDV.csv,Main Inputs/Pred_E_jDV.csv,NA,NA,NA,NA,NA,NA,NA,NA,NA,NA,NA,FB4_Log_File_Test_AndreafskyoyDV,TRUE,Daily_Output_Andreafsky_yoyDV
86,Andreafsky yoyDV test 86,41,Lake trout,0.18279981,p-value,0.37,32,124,1,13560,FALSE,FALSE,FALSE,FALSE,NA,NA,Main Inputs/Temperature_Andreafsky_2048highpgw.csv,Main Inputs/Diet_prop_yoyDV.csv,Main Inputs/Prey_E_jDV.csv,Main Inputs/Indigestible_Prey_jDV.csv,Main Inputs/Pred_E_jDV.csv,NA,NA,NA,NA,NA,NA,NA,NA,NA,NA,NA,FB4_Log_File_Test_AndreafskyoyDV,TRUE,Daily_Output_Andreafsky_yoyDV
87,Andreafsky yoyDV test 87,41,Lake trout,0.203553189,p-value,0.37,32,124,1,13560,FALSE,FALSE,FALSE,FALSE,NA,NA,Main Inputs/Temperature_Andreafsky_2048highpgw.csv,Main Inputs/Diet_prop_yoyDV.csv,Main Inputs/Prey_E_jDV.csv,Main Inputs/Indigestible_Prey_jDV.csv,Main Inputs/Pred_E_jDV.csv,NA,NA,NA,NA,NA,NA,NA,NA,NA,NA,NA,FB4_Log_File_Test_AndreafskyoyDV,TRUE,Daily_Output_Andreafsky_yoyDV
88,Andreafsky yoyDV test 88,41,Lake trout,0.225864816,p-value,0.37,32,124,1,13560,FALSE,FALSE,FALSE,FALSE,NA,NA,Main Inputs/Temperature_Andreafsky_2048highpgw.csv,Main Inputs/Diet_prop_yoyDV.csv,Main Inputs/Prey_E_jDV.csv,Main Inputs/Indigestible_Prey_jDV.csv,Main Inputs/Pred_E_jDV.csv,NA,NA,NA,NA,NA,NA,NA,NA,NA,NA,NA,FB4_Log_File_Test_AndreafskyoyDV,TRUE,Daily_Output_Andreafsky_yoyDV
89,Andreafsky yoyDV test 89,41,Lake trout,0.249795737,p-value,0.37,32,124,1,13560,FALSE,FALSE,FALSE,FALSE,NA,NA,Main Inputs/Temperature_Andreafsky_2048highpgw.csv,Main Inputs/Diet_prop_yoyDV.csv,Main Inputs/Prey_E_jDV.csv,Main Inputs/Indigestible_Prey_jDV.csv,Main Inputs/Pred_E_jDV.csv,NA,NA,NA,NA,NA,NA,NA,NA,NA,NA,NA,FB4_Log_File_Test_AndreafskyoyDV,TRUE,Daily_Output_Andreafsky_yoyDV
90,Andreafsky yoyDV test 90,41,Lake trout,0.302761338,p-value,0.37,32,124,1,13560,FALSE,FALSE,FALSE,FALSE,NA,NA,Main Inputs/Temperature_Andreafsky_2048highpgw.csv,Main Inputs/Diet_prop_yoyDV.csv,Main Inputs/Prey_E_jDV.csv,Main Inputs/Indigestible_Prey_jDV.csv,Main Inputs/Pred_E_jDV.csv,NA,NA,NA,NA,NA,NA,NA,NA,NA,NA,NA,FB4_Log_File_Test_AndreafskyoyDV,TRUE,Daily_Output_Andreafsky_yoyDV
91,Andreafsky yoyDV test 91,41,Lake trout,0.331919775,p-value,0.37,32,124,1,13560,FALSE,FALSE,FALSE,FALSE,NA,NA,Main Inputs/Temperature_Andreafsky_2048highpgw.csv,Main Inputs/Diet_prop_yoyDV.csv,Main Inputs/Prey_E_jDV.csv,Main Inputs/Indigestible_Prey_jDV.csv,Main Inputs/Pred_E_jDV.csv,NA,NA,NA,NA,NA,NA,NA,NA,NA,NA,NA,FB4_Log_File_Test_AndreafskyoyDV,TRUE,Daily_Output_Andreafsky_yoyDV
92,Andreafsky yoyDV test 92,41,Lake trout,0.362945004,p-value,0.37,32,124,1,13560,FALSE,FALSE,FALSE,FALSE,NA,NA,Main Inputs/Temperature_Andreafsky_2048highpgw.csv,Main Inputs/Diet_prop_yoyDV.csv,Main Inputs/Prey_E_jDV.csv,Main Inputs/Indigestible_Prey_jDV.csv,Main Inputs/Pred_E_jDV.csv,NA,NA,NA,NA,NA,NA,NA,NA,NA,NA,NA,FB4_Log_File_Test_AndreafskyoyDV,TRUE,Daily_Output_Andreafsky_yoyDV
93,Andreafsky yoyDV test 93,41,Lake trout,0.430846787,p-value,0.37,32,124,1,13560,FALSE,FALSE,FALSE,FALSE,NA,NA,Main Inputs/Temperature_Andreafsky_2048highpgw.csv,Main Inputs/Diet_prop_yoyDV.csv,Main Inputs/Prey_E_jDV.csv,Main Inputs/Indigestible_Prey_jDV.csv,Main Inputs/Pred_E_jDV.csv,NA,NA,NA,NA,NA,NA,NA,NA,NA,NA,NA,FB4_Log_File_Test_AndreafskyoyDV,TRUE,Daily_Output_Andreafsky_yoyDV
94,Andreafsky yoyDV test 94,41,Lake trout,0.467849558,p-value,0.37,32,124,1,13560,FALSE,FALSE,FALSE,FALSE,NA,NA,Main Inputs/Temperature_Andreafsky_2048highpgw.csv,Main Inputs/Diet_prop_yoyDV.csv,Main Inputs/Prey_E_jDV.csv,Main Inputs/Indigestible_Prey_jDV.csv,Main Inputs/Pred_E_jDV.csv,NA,NA,NA,NA,NA,NA,NA,NA,NA,NA,NA,FB4_Log_File_Test_AndreafskyoyDV,TRUE,Daily_Output_Andreafsky_yoyDV
95,Andreafsky yoyDV test 95,41,Lake trout,0.506971543,p-value,0.37,32,124,1,13560,FALSE,FALSE,FALSE,FALSE,NA,NA,Main Inputs/Temperature_Andreafsky_2048highpgw.csv,Main Inputs/Diet_prop_yoyDV.csv,Main Inputs/Prey_E_jDV.csv,Main Inputs/Indigestible_Prey_jDV.csv,Main Inputs/Pred_E_jDV.csv,NA,NA,NA,NA,NA,NA,NA,NA,NA,NA,NA,FB4_Log_File_Test_AndreafskyoyDV,TRUE,Daily_Output_Andreafsky_yoyDV
96,Andreafsky yoyDV test 96,41,Lake trout,0.022584515,p-value,0.37,32,124,1,13560,FALSE,FALSE,FALSE,FALSE,NA,NA,Main Inputs/Temperature_Andreafsky_average_highpgw.csv,Main Inputs/Diet_prop_yoyDV.csv,Main Inputs/Prey_E_jDV.csv,Main Inputs/Indigestible_Prey_jDV.csv,Main Inputs/Pred_E_jDV.csv,NA,NA,NA,NA,NA,NA,NA,NA,NA,NA,NA,FB4_Log_File_Test_AndreafskyoyDV,TRUE,Daily_Output_Andreafsky_yoyDV
97,Andreafsky yoyDV test 97,41,Lake trout,0.040269263,p-value,0.37,32,124,1,13560,FALSE,FALSE,FALSE,FALSE,NA,NA,Main Inputs/Temperature_Andreafsky_average_highpgw.csv,Main Inputs/Diet_prop_yoyDV.csv,Main Inputs/Prey_E_jDV.csv,Main Inputs/Indigestible_Prey_jDV.csv,Main Inputs/Pred_E_jDV.csv,NA,NA,NA,NA,NA,NA,NA,NA,NA,NA,NA,FB4_Log_File_Test_AndreafskyoyDV,TRUE,Daily_Output_Andreafsky_yoyDV
98,Andreafsky yoyDV test 98,41,Lake trout,0.065664236,p-value,0.37,32,124,1,13560,FALSE,FALSE,FALSE,FALSE,NA,NA,Main Inputs/Temperature_Andreafsky_average_highpgw.csv,Main Inputs/Diet_prop_yoyDV.csv,Main Inputs/Prey_E_jDV.csv,Main Inputs/Indigestible_Prey_jDV.csv,Main Inputs/Pred_E_jDV.csv,NA,NA,NA,NA,NA,NA,NA,NA,NA,NA,NA,FB4_Log_File_Test_AndreafskyoyDV,TRUE,Daily_Output_Andreafsky_yoyDV
99,Andreafsky yoyDV test 99,41,Lake trout,0.076105148,p-value,0.37,32,124,1,13560,FALSE,FALSE,FALSE,FALSE,NA,NA,Main Inputs/Temperature_Andreafsky_average_highpgw.csv,Main Inputs/Diet_prop_yoyDV.csv,Main Inputs/Prey_E_jDV.csv,Main Inputs/Indigestible_Prey_jDV.csv,Main Inputs/Pred_E_jDV.csv,NA,NA,NA,NA,NA,NA,NA,NA,NA,NA,NA,FB4_Log_File_Test_AndreafskyoyDV,TRUE,Daily_Output_Andreafsky_yoyDV
100,Andreafsky yoyDV test 100,41,Lake trout,0.100295015,p-value,0.37,32,124,1,13560,FALSE,FALSE,FALSE,FALSE,NA,NA,Main Inputs/Temperature_Andreafsky_average_highpgw.csv,Main Inputs/Diet_prop_yoyDV.csv,Main Inputs/Prey_E_jDV.csv,Main Inputs/Indigestible_Prey_jDV.csv,Main Inputs/Pred_E_jDV.csv,NA,NA,NA,NA,NA,NA,NA,NA,NA,NA,NA,FB4_Log_File_Test_AndreafskyoyDV,TRUE,Daily_Output_Andreafsky_yoyDV
101,Andreafsky yoyDV test 101,41,Lake trout,0.114160273,p-value,0.37,32,124,1,13560,FALSE,FALSE,FALSE,FALSE,NA,NA,Main Inputs/Temperature_Andreafsky_average_highpgw.csv,Main Inputs/Diet_prop_yoyDV.csv,Main Inputs/Prey_E_jDV.csv,Main Inputs/Indigestible_Prey_jDV.csv,Main Inputs/Pred_E_jDV.csv,NA,NA,NA,NA,NA,NA,NA,NA,NA,NA,NA,FB4_Log_File_Test_AndreafskyoyDV,TRUE,Daily_Output_Andreafsky_yoyDV
102,Andreafsky yoyDV test 102,41,Lake trout,0.129283991,p-value,0.37,32,124,1,13560,FALSE,FALSE,FALSE,FALSE,NA,NA,Main Inputs/Temperature_Andreafsky_average_highpgw.csv,Main Inputs/Diet_prop_yoyDV.csv,Main Inputs/Prey_E_jDV.csv,Main Inputs/Indigestible_Prey_jDV.csv,Main Inputs/Pred_E_jDV.csv,NA,NA,NA,NA,NA,NA,NA,NA,NA,NA,NA,FB4_Log_File_Test_AndreafskyoyDV,TRUE,Daily_Output_Andreafsky_yoyDV
103,Andreafsky yoyDV test 103,41,Lake trout,0.145725365,p-value,0.37,32,124,1,13560,FALSE,FALSE,FALSE,FALSE,NA,NA,Main Inputs/Temperature_Andreafsky_average_highpgw.csv,Main Inputs/Diet_prop_yoyDV.csv,Main Inputs/Prey_E_jDV.csv,Main Inputs/Indigestible_Prey_jDV.csv,Main Inputs/Pred_E_jDV.csv,NA,NA,NA,NA,NA,NA,NA,NA,NA,NA,NA,FB4_Log_File_Test_AndreafskyoyDV,TRUE,Daily_Output_Andreafsky_yoyDV
104,Andreafsky yoyDV test 104,41,Lake trout,0.163543981,p-value,0.37,32,124,1,13560,FALSE,FALSE,FALSE,FALSE,NA,NA,Main Inputs/Temperature_Andreafsky_average_highpgw.csv,Main Inputs/Diet_prop_yoyDV.csv,Main Inputs/Prey_E_jDV.csv,Main Inputs/Indigestible_Prey_jDV.csv,Main Inputs/Pred_E_jDV.csv,NA,NA,NA,NA,NA,NA,NA,NA,NA,NA,NA,FB4_Log_File_Test_AndreafskyoyDV,TRUE,Daily_Output_Andreafsky_yoyDV
105,Andreafsky yoyDV test 105,41,Lake trout,0.18279981,p-value,0.37,32,124,1,13560,FALSE,FALSE,FALSE,FALSE,NA,NA,Main Inputs/Temperature_Andreafsky_average_highpgw.csv,Main Inputs/Diet_prop_yoyDV.csv,Main Inputs/Prey_E_jDV.csv,Main Inputs/Indigestible_Prey_jDV.csv,Main Inputs/Pred_E_jDV.csv,NA,NA,NA,NA,NA,NA,NA,NA,NA,NA,NA,FB4_Log_File_Test_AndreafskyoyDV,TRUE,Daily_Output_Andreafsky_yoyDV
106,Andreafsky yoyDV test 106,41,Lake trout,0.203553189,p-value,0.37,32,124,1,13560,FALSE,FALSE,FALSE,FALSE,NA,NA,Main Inputs/Temperature_Andreafsky_average_highpgw.csv,Main Inputs/Diet_prop_yoyDV.csv,Main Inputs/Prey_E_jDV.csv,Main Inputs/Indigestible_Prey_jDV.csv,Main Inputs/Pred_E_jDV.csv,NA,NA,NA,NA,NA,NA,NA,NA,NA,NA,NA,FB4_Log_File_Test_AndreafskyoyDV,TRUE,Daily_Output_Andreafsky_yoyDV
107,Andreafsky yoyDV test 107,41,Lake trout,0.225864816,p-value,0.37,32,124,1,13560,FALSE,FALSE,FALSE,FALSE,NA,NA,Main Inputs/Temperature_Andreafsky_average_highpgw.csv,Main Inputs/Diet_prop_yoyDV.csv,Main Inputs/Prey_E_jDV.csv,Main Inputs/Indigestible_Prey_jDV.csv,Main Inputs/Pred_E_jDV.csv,NA,NA,NA,NA,NA,NA,NA,NA,NA,NA,NA,FB4_Log_File_Test_AndreafskyoyDV,TRUE,Daily_Output_Andreafsky_yoyDV
108,Andreafsky yoyDV test 108,41,Lake trout,0.249795737,p-value,0.37,32,124,1,13560,FALSE,FALSE,FALSE,FALSE,NA,NA,Main Inputs/Temperature_Andreafsky_average_highpgw.csv,Main Inputs/Diet_prop_yoyDV.csv,Main Inputs/Prey_E_jDV.csv,Main Inputs/Indigestible_Prey_jDV.csv,Main Inputs/Pred_E_jDV.csv,NA,NA,NA,NA,NA,NA,NA,NA,NA,NA,NA,FB4_Log_File_Test_AndreafskyoyDV,TRUE,Daily_Output_Andreafsky_yoyDV
109,Andreafsky yoyDV test 109,41,Lake trout,0.302761338,p-value,0.37,32,124,1,13560,FALSE,FALSE,FALSE,FALSE,NA,NA,Main Inputs/Temperature_Andreafsky_average_highpgw.csv,Main Inputs/Diet_prop_yoyDV.csv,Main Inputs/Prey_E_jDV.csv,Main Inputs/Indigestible_Prey_jDV.csv,Main Inputs/Pred_E_jDV.csv,NA,NA,NA,NA,NA,NA,NA,NA,NA,NA,NA,FB4_Log_File_Test_AndreafskyoyDV,TRUE,Daily_Output_Andreafsky_yoyDV
110,Andreafsky yoyDV test 110,41,Lake trout,0.331919775,p-value,0.37,32,124,1,13560,FALSE,FALSE,FALSE,FALSE,NA,NA,Main Inputs/Temperature_Andreafsky_average_highpgw.csv,Main Inputs/Diet_prop_yoyDV.csv,Main Inputs/Prey_E_jDV.csv,Main Inputs/Indigestible_Prey_jDV.csv,Main Inputs/Pred_E_jDV.csv,NA,NA,NA,NA,NA,NA,NA,NA,NA,NA,NA,FB4_Log_File_Test_AndreafskyoyDV,TRUE,Daily_Output_Andreafsky_yoyDV
111,Andreafsky yoyDV test 111,41,Lake trout,0.362945004,p-value,0.37,32,124,1,13560,FALSE,FALSE,FALSE,FALSE,NA,NA,Main Inputs/Temperature_Andreafsky_average_highpgw.csv,Main Inputs/Diet_prop_yoyDV.csv,Main Inputs/Prey_E_jDV.csv,Main Inputs/Indigestible_Prey_jDV.csv,Main Inputs/Pred_E_jDV.csv,NA,NA,NA,NA,NA,NA,NA,NA,NA,NA,NA,FB4_Log_File_Test_AndreafskyoyDV,TRUE,Daily_Output_Andreafsky_yoyDV
112,Andreafsky yoyDV test 112,41,Lake trout,0.430846787,p-value,0.37,32,124,1,13560,FALSE,FALSE,FALSE,FALSE,NA,NA,Main Inputs/Temperature_Andreafsky_average_highpgw.csv,Main Inputs/Diet_prop_yoyDV.csv,Main Inputs/Prey_E_jDV.csv,Main Inputs/Indigestible_Prey_jDV.csv,Main Inputs/Pred_E_jDV.csv,NA,NA,NA,NA,NA,NA,NA,NA,NA,NA,NA,FB4_Log_File_Test_AndreafskyoyDV,TRUE,Daily_Output_Andreafsky_yoyDV
113,Andreafsky yoyDV test 113,41,Lake trout,0.467849558,p-value,0.37,32,124,1,13560,FALSE,FALSE,FALSE,FALSE,NA,NA,Main Inputs/Temperature_Andreafsky_average_highpgw.csv,Main Inputs/Diet_prop_yoyDV.csv,Main Inputs/Prey_E_jDV.csv,Main Inputs/Indigestible_Prey_jDV.csv,Main Inputs/Pred_E_jDV.csv,NA,NA,NA,NA,NA,NA,NA,NA,NA,NA,NA,FB4_Log_File_Test_AndreafskyoyDV,TRUE,Daily_Output_Andreafsky_yoyDV
114,Andreafsky yoyDV test 114,41,Lake trout,0.506971543,p-value,0.37,32,124,1,13560,FALSE,FALSE,FALSE,FALSE,NA,NA,Main Inputs/Temperature_Andreafsky_average_highpgw.csv,Main Inputs/Diet_prop_yoyDV.csv,Main Inputs/Prey_E_jDV.csv,Main Inputs/Indigestible_Prey_jDV.csv,Main Inputs/Pred_E_jDV.csv,NA,NA,NA,NA,NA,NA,NA,NA,NA,NA,NA,FB4_Log_File_Test_AndreafskyoyDV,TRUE,Daily_Output_Andreafsky_yoyDV
