NRun,Run_Name,Species_Num,Species_txt,Initial_W,fit.to,fit.to.value,First_day,Last_day,N_indiv,Oxycal,calc.pop_mort,calc.spawn,calc.nut,calc.contaminant,Init_pred_conc,contam_eq,T_File,Diet_File,Prey_E_File,Indigest_Prey_File,Pred_E_File,Mort_File,Reprod_File,Contam_Prey_C_File,Contam_assim_File,Contam_TE_File,Phos_Ae_File,Phos_Co_Pred_File,Phos_Co_Prey_File,Nit_Ae_File,Nit_Co_Pred_File,Nit_Co_Prey_File,FB4_Log_File,Save_Daily_Output,Daily_Output_File
1,Tee yoyDV 1,41,Lake trout,0.022584515,p-value,0.365,32,124,1,13560,FALSE,FALSE,FALSE,FALSE,NA,NA,Main Inputs/Temperature_TeedrinJik_2000.csv,Main Inputs/Diet_prop_yoyDV.csv,Main Inputs/Prey_E_jDV.csv,Main Inputs/Indigestible_Prey_jDV.csv,Main Inputs/Pred_E_jDV.csv,NA,NA,NA,NA,NA,NA,NA,NA,NA,NA,NA,FB4_Log_File_Test_TeeyoyDV,TRUE,Daily_Output_Tee_yoyDV
2,Tee yoyDV 2,41,Lake trout,0.040269263,p-value,0.365,32,124,1,13560,FALSE,FALSE,FALSE,FALSE,NA,NA,Main Inputs/Temperature_TeedrinJik_2000.csv,Main Inputs/Diet_prop_yoyDV.csv,Main Inputs/Prey_E_jDV.csv,Main Inputs/Indigestible_Prey_jDV.csv,Main Inputs/Pred_E_jDV.csv,NA,NA,NA,NA,NA,NA,NA,NA,NA,NA,NA,FB4_Log_File_Test_TeeyoyDV,TRUE,Daily_Output_Tee_yoyDV
3,Tee yoyDV 3,41,Lake trout,0.065664236,p-value,0.365,32,124,1,13560,FALSE,FALSE,FALSE,FALSE,NA,NA,Main Inputs/Temperature_TeedrinJik_2000.csv,Main Inputs/Diet_prop_yoyDV.csv,Main Inputs/Prey_E_jDV.csv,Main Inputs/Indigestible_Prey_jDV.csv,Main Inputs/Pred_E_jDV.csv,NA,NA,NA,NA,NA,NA,NA,NA,NA,NA,NA,FB4_Log_File_Test_TeeyoyDV,TRUE,Daily_Output_Tee_yoyDV
4,Tee yoyDV 4,41,Lake trout,0.076105148,p-value,0.365,32,124,1,13560,FALSE,FALSE,FALSE,FALSE,NA,NA,Main Inputs/Temperature_TeedrinJik_2000.csv,Main Inputs/Diet_prop_yoyDV.csv,Main Inputs/Prey_E_jDV.csv,Main Inputs/Indigestible_Prey_jDV.csv,Main Inputs/Pred_E_jDV.csv,NA,NA,NA,NA,NA,NA,NA,NA,NA,NA,NA,FB4_Log_File_Test_TeeyoyDV,TRUE,Daily_Output_Tee_yoyDV
5,Tee yoyDV 5,41,Lake trout,0.100295015,p-value,0.365,32,124,1,13560,FALSE,FALSE,FALSE,FALSE,NA,NA,Main Inputs/Temperature_TeedrinJik_2000.csv,Main Inputs/Diet_prop_yoyDV.csv,Main Inputs/Prey_E_jDV.csv,Main Inputs/Indigestible_Prey_jDV.csv,Main Inputs/Pred_E_jDV.csv,NA,NA,NA,NA,NA,NA,NA,NA,NA,NA,NA,FB4_Log_File_Test_TeeyoyDV,TRUE,Daily_Output_Tee_yoyDV
6,Tee yoyDV 6,41,Lake trout,0.114160273,p-value,0.365,32,124,1,13560,FALSE,FALSE,FALSE,FALSE,NA,NA,Main Inputs/Temperature_TeedrinJik_2000.csv,Main Inputs/Diet_prop_yoyDV.csv,Main Inputs/Prey_E_jDV.csv,Main Inputs/Indigestible_Prey_jDV.csv,Main Inputs/Pred_E_jDV.csv,NA,NA,NA,NA,NA,NA,NA,NA,NA,NA,NA,FB4_Log_File_Test_TeeyoyDV,TRUE,Daily_Output_Tee_yoyDV
7,Tee yoyDV 7,41,Lake trout,0.129283991,p-value,0.365,32,124,1,13560,FALSE,FALSE,FALSE,FALSE,NA,NA,Main Inputs/Temperature_TeedrinJik_2000.csv,Main Inputs/Diet_prop_yoyDV.csv,Main Inputs/Prey_E_jDV.csv,Main Inputs/Indigestible_Prey_jDV.csv,Main Inputs/Pred_E_jDV.csv,NA,NA,NA,NA,NA,NA,NA,NA,NA,NA,NA,FB4_Log_File_Test_TeeyoyDV,TRUE,Daily_Output_Tee_yoyDV
8,Tee yoyDV 8,41,Lake trout,0.145725365,p-value,0.365,32,124,1,13560,FALSE,FALSE,FALSE,FALSE,NA,NA,Main Inputs/Temperature_TeedrinJik_2000.csv,Main Inputs/Diet_prop_yoyDV.csv,Main Inputs/Prey_E_jDV.csv,Main Inputs/Indigestible_Prey_jDV.csv,Main Inputs/Pred_E_jDV.csv,NA,NA,NA,NA,NA,NA,NA,NA,NA,NA,NA,FB4_Log_File_Test_TeeyoyDV,TRUE,Daily_Output_Tee_yoyDV
9,Tee yoyDV 9,41,Lake trout,0.163543981,p-value,0.365,32,124,1,13560,FALSE,FALSE,FALSE,FALSE,NA,NA,Main Inputs/Temperature_TeedrinJik_2000.csv,Main Inputs/Diet_prop_yoyDV.csv,Main Inputs/Prey_E_jDV.csv,Main Inputs/Indigestible_Prey_jDV.csv,Main Inputs/Pred_E_jDV.csv,NA,NA,NA,NA,NA,NA,NA,NA,NA,NA,NA,FB4_Log_File_Test_TeeyoyDV,TRUE,Daily_Output_Tee_yoyDV
10,Tee yoyDV 10,41,Lake trout,0.18279981,p-value,0.365,32,124,1,13560,FALSE,FALSE,FALSE,FALSE,NA,NA,Main Inputs/Temperature_TeedrinJik_2000.csv,Main Inputs/Diet_prop_yoyDV.csv,Main Inputs/Prey_E_jDV.csv,Main Inputs/Indigestible_Prey_jDV.csv,Main Inputs/Pred_E_jDV.csv,NA,NA,NA,NA,NA,NA,NA,NA,NA,NA,NA,FB4_Log_File_Test_TeeyoyDV,TRUE,Daily_Output_Tee_yoyDV
11,Tee yoyDV 11,41,Lake trout,0.203553189,p-value,0.365,32,124,1,13560,FALSE,FALSE,FALSE,FALSE,NA,NA,Main Inputs/Temperature_TeedrinJik_2000.csv,Main Inputs/Diet_prop_yoyDV.csv,Main Inputs/Prey_E_jDV.csv,Main Inputs/Indigestible_Prey_jDV.csv,Main Inputs/Pred_E_jDV.csv,NA,NA,NA,NA,NA,NA,NA,NA,NA,NA,NA,FB4_Log_File_Test_TeeyoyDV,TRUE,Daily_Output_Tee_yoyDV
12,Tee yoyDV 12,41,Lake trout,0.225864816,p-value,0.365,32,124,1,13560,FALSE,FALSE,FALSE,FALSE,NA,NA,Main Inputs/Temperature_TeedrinJik_2000.csv,Main Inputs/Diet_prop_yoyDV.csv,Main Inputs/Prey_E_jDV.csv,Main Inputs/Indigestible_Prey_jDV.csv,Main Inputs/Pred_E_jDV.csv,NA,NA,NA,NA,NA,NA,NA,NA,NA,NA,NA,FB4_Log_File_Test_TeeyoyDV,TRUE,Daily_Output_Tee_yoyDV
13,Tee yoyDV 13,41,Lake trout,0.249795737,p-value,0.365,32,124,1,13560,FALSE,FALSE,FALSE,FALSE,NA,NA,Main Inputs/Temperature_TeedrinJik_2000.csv,Main Inputs/Diet_prop_yoyDV.csv,Main Inputs/Prey_E_jDV.csv,Main Inputs/Indigestible_Prey_jDV.csv,Main Inputs/Pred_E_jDV.csv,NA,NA,NA,NA,NA,NA,NA,NA,NA,NA,NA,FB4_Log_File_Test_TeeyoyDV,TRUE,Daily_Output_Tee_yoyDV
14,Tee yoyDV 14,41,Lake trout,0.302761338,p-value,0.365,32,124,1,13560,FALSE,FALSE,FALSE,FALSE,NA,NA,Main Inputs/Temperature_TeedrinJik_2000.csv,Main Inputs/Diet_prop_yoyDV.csv,Main Inputs/Prey_E_jDV.csv,Main Inputs/Indigestible_Prey_jDV.csv,Main Inputs/Pred_E_jDV.csv,NA,NA,NA,NA,NA,NA,NA,NA,NA,NA,NA,FB4_Log_File_Test_TeeyoyDV,TRUE,Daily_Output_Tee_yoyDV
15,Tee yoyDV 15,41,Lake trout,0.331919775,p-value,0.365,32,124,1,13560,FALSE,FALSE,FALSE,FALSE,NA,NA,Main Inputs/Temperature_TeedrinJik_2000.csv,Main Inputs/Diet_prop_yoyDV.csv,Main Inputs/Prey_E_jDV.csv,Main Inputs/Indigestible_Prey_jDV.csv,Main Inputs/Pred_E_jDV.csv,NA,NA,NA,NA,NA,NA,NA,NA,NA,NA,NA,FB4_Log_File_Test_TeeyoyDV,TRUE,Daily_Output_Tee_yoyDV
16,Tee yoyDV 16,41,Lake trout,0.362945004,p-value,0.365,32,124,1,13560,FALSE,FALSE,FALSE,FALSE,NA,NA,Main Inputs/Temperature_TeedrinJik_2000.csv,Main Inputs/Diet_prop_yoyDV.csv,Main Inputs/Prey_E_jDV.csv,Main Inputs/Indigestible_Prey_jDV.csv,Main Inputs/Pred_E_jDV.csv,NA,NA,NA,NA,NA,NA,NA,NA,NA,NA,NA,FB4_Log_File_Test_TeeyoyDV,TRUE,Daily_Output_Tee_yoyDV
17,Tee yoyDV 17,41,Lake trout,0.430846787,p-value,0.365,32,124,1,13560,FALSE,FALSE,FALSE,FALSE,NA,NA,Main Inputs/Temperature_TeedrinJik_2000.csv,Main Inputs/Diet_prop_yoyDV.csv,Main Inputs/Prey_E_jDV.csv,Main Inputs/Indigestible_Prey_jDV.csv,Main Inputs/Pred_E_jDV.csv,NA,NA,NA,NA,NA,NA,NA,NA,NA,NA,NA,FB4_Log_File_Test_TeeyoyDV,TRUE,Daily_Output_Tee_yoyDV
18,Tee yoyDV 18,41,Lake trout,0.467849558,p-value,0.365,32,124,1,13560,FALSE,FALSE,FALSE,FALSE,NA,NA,Main Inputs/Temperature_TeedrinJik_2000.csv,Main Inputs/Diet_prop_yoyDV.csv,Main Inputs/Prey_E_jDV.csv,Main Inputs/Indigestible_Prey_jDV.csv,Main Inputs/Pred_E_jDV.csv,NA,NA,NA,NA,NA,NA,NA,NA,NA,NA,NA,FB4_Log_File_Test_TeeyoyDV,TRUE,Daily_Output_Tee_yoyDV
19,Tee yoyDV 19,41,Lake trout,0.506971543,p-value,0.365,32,124,1,13560,FALSE,FALSE,FALSE,FALSE,NA,NA,Main Inputs/Temperature_TeedrinJik_2000.csv,Main Inputs/Diet_prop_yoyDV.csv,Main Inputs/Prey_E_jDV.csv,Main Inputs/Indigestible_Prey_jDV.csv,Main Inputs/Pred_E_jDV.csv,NA,NA,NA,NA,NA,NA,NA,NA,NA,NA,NA,FB4_Log_File_Test_TeeyoyDV,TRUE,Daily_Output_Tee_yoyDV
20,Tee yoyDV 20,41,Lake trout,0.022584515,p-value,0.365,32,124,1,13560,FALSE,FALSE,FALSE,FALSE,NA,NA,Main Inputs/Temperature_TeedrinJik_2007.csv,Main Inputs/Diet_prop_yoyDV.csv,Main Inputs/Prey_E_jDV.csv,Main Inputs/Indigestible_Prey_jDV.csv,Main Inputs/Pred_E_jDV.csv,NA,NA,NA,NA,NA,NA,NA,NA,NA,NA,NA,FB4_Log_File_Test_TeeyoyDV,TRUE,Daily_Output_Tee_yoyDV
21,Tee yoyDV 21,41,Lake trout,0.040269263,p-value,0.365,32,124,1,13560,FALSE,FALSE,FALSE,FALSE,NA,NA,Main Inputs/Temperature_TeedrinJik_2007.csv,Main Inputs/Diet_prop_yoyDV.csv,Main Inputs/Prey_E_jDV.csv,Main Inputs/Indigestible_Prey_jDV.csv,Main Inputs/Pred_E_jDV.csv,NA,NA,NA,NA,NA,NA,NA,NA,NA,NA,NA,FB4_Log_File_Test_TeeyoyDV,TRUE,Daily_Output_Tee_yoyDV
22,Tee yoyDV 22,41,Lake trout,0.065664236,p-value,0.365,32,124,1,13560,FALSE,FALSE,FALSE,FALSE,NA,NA,Main Inputs/Temperature_TeedrinJik_2007.csv,Main Inputs/Diet_prop_yoyDV.csv,Main Inputs/Prey_E_jDV.csv,Main Inputs/Indigestible_Prey_jDV.csv,Main Inputs/Pred_E_jDV.csv,NA,NA,NA,NA,NA,NA,NA,NA,NA,NA,NA,FB4_Log_File_Test_TeeyoyDV,TRUE,Daily_Output_Tee_yoyDV
23,Tee yoyDV 23,41,Lake trout,0.076105148,p-value,0.365,32,124,1,13560,FALSE,FALSE,FALSE,FALSE,NA,NA,Main Inputs/Temperature_TeedrinJik_2007.csv,Main Inputs/Diet_prop_yoyDV.csv,Main Inputs/Prey_E_jDV.csv,Main Inputs/Indigestible_Prey_jDV.csv,Main Inputs/Pred_E_jDV.csv,NA,NA,NA,NA,NA,NA,NA,NA,NA,NA,NA,FB4_Log_File_Test_TeeyoyDV,TRUE,Daily_Output_Tee_yoyDV
24,Tee yoyDV 24,41,Lake trout,0.100295015,p-value,0.365,32,124,1,13560,FALSE,FALSE,FALSE,FALSE,NA,NA,Main Inputs/Temperature_TeedrinJik_2007.csv,Main Inputs/Diet_prop_yoyDV.csv,Main Inputs/Prey_E_jDV.csv,Main Inputs/Indigestible_Prey_jDV.csv,Main Inputs/Pred_E_jDV.csv,NA,NA,NA,NA,NA,NA,NA,NA,NA,NA,NA,FB4_Log_File_Test_TeeyoyDV,TRUE,Daily_Output_Tee_yoyDV
25,Tee yoyDV 25,41,Lake trout,0.114160273,p-value,0.365,32,124,1,13560,FALSE,FALSE,FALSE,FALSE,NA,NA,Main Inputs/Temperature_TeedrinJik_2007.csv,Main Inputs/Diet_prop_yoyDV.csv,Main Inputs/Prey_E_jDV.csv,Main Inputs/Indigestible_Prey_jDV.csv,Main Inputs/Pred_E_jDV.csv,NA,NA,NA,NA,NA,NA,NA,NA,NA,NA,NA,FB4_Log_File_Test_TeeyoyDV,TRUE,Daily_Output_Tee_yoyDV
26,Tee yoyDV 26,41,Lake trout,0.129283991,p-value,0.365,32,124,1,13560,FALSE,FALSE,FALSE,FALSE,NA,NA,Main Inputs/Temperature_TeedrinJik_2007.csv,Main Inputs/Diet_prop_yoyDV.csv,Main Inputs/Prey_E_jDV.csv,Main Inputs/Indigestible_Prey_jDV.csv,Main Inputs/Pred_E_jDV.csv,NA,NA,NA,NA,NA,NA,NA,NA,NA,NA,NA,FB4_Log_File_Test_TeeyoyDV,TRUE,Daily_Output_Tee_yoyDV
27,Tee yoyDV 27,41,Lake trout,0.145725365,p-value,0.365,32,124,1,13560,FALSE,FALSE,FALSE,FALSE,NA,NA,Main Inputs/Temperature_TeedrinJik_2007.csv,Main Inputs/Diet_prop_yoyDV.csv,Main Inputs/Prey_E_jDV.csv,Main Inputs/Indigestible_Prey_jDV.csv,Main Inputs/Pred_E_jDV.csv,NA,NA,NA,NA,NA,NA,NA,NA,NA,NA,NA,FB4_Log_File_Test_TeeyoyDV,TRUE,Daily_Output_Tee_yoyDV
28,Tee yoyDV 28,41,Lake trout,0.163543981,p-value,0.365,32,124,1,13560,FALSE,FALSE,FALSE,FALSE,NA,NA,Main Inputs/Temperature_TeedrinJik_2007.csv,Main Inputs/Diet_prop_yoyDV.csv,Main Inputs/Prey_E_jDV.csv,Main Inputs/Indigestible_Prey_jDV.csv,Main Inputs/Pred_E_jDV.csv,NA,NA,NA,NA,NA,NA,NA,NA,NA,NA,NA,FB4_Log_File_Test_TeeyoyDV,TRUE,Daily_Output_Tee_yoyDV
29,Tee yoyDV 29,41,Lake trout,0.18279981,p-value,0.365,32,124,1,13560,FALSE,FALSE,FALSE,FALSE,NA,NA,Main Inputs/Temperature_TeedrinJik_2007.csv,Main Inputs/Diet_prop_yoyDV.csv,Main Inputs/Prey_E_jDV.csv,Main Inputs/Indigestible_Prey_jDV.csv,Main Inputs/Pred_E_jDV.csv,NA,NA,NA,NA,NA,NA,NA,NA,NA,NA,NA,FB4_Log_File_Test_TeeyoyDV,TRUE,Daily_Output_Tee_yoyDV
30,Tee yoyDV 30,41,Lake trout,0.203553189,p-value,0.365,32,124,1,13560,FALSE,FALSE,FALSE,FALSE,NA,NA,Main Inputs/Temperature_TeedrinJik_2007.csv,Main Inputs/Diet_prop_yoyDV.csv,Main Inputs/Prey_E_jDV.csv,Main Inputs/Indigestible_Prey_jDV.csv,Main Inputs/Pred_E_jDV.csv,NA,NA,NA,NA,NA,NA,NA,NA,NA,NA,NA,FB4_Log_File_Test_TeeyoyDV,TRUE,Daily_Output_Tee_yoyDV
31,Tee yoyDV 31,41,Lake trout,0.225864816,p-value,0.365,32,124,1,13560,FALSE,FALSE,FALSE,FALSE,NA,NA,Main Inputs/Temperature_TeedrinJik_2007.csv,Main Inputs/Diet_prop_yoyDV.csv,Main Inputs/Prey_E_jDV.csv,Main Inputs/Indigestible_Prey_jDV.csv,Main Inputs/Pred_E_jDV.csv,NA,NA,NA,NA,NA,NA,NA,NA,NA,NA,NA,FB4_Log_File_Test_TeeyoyDV,TRUE,Daily_Output_Tee_yoyDV
32,Tee yoyDV 32,41,Lake trout,0.249795737,p-value,0.365,32,124,1,13560,FALSE,FALSE,FALSE,FALSE,NA,NA,Main Inputs/Temperature_TeedrinJik_2007.csv,Main Inputs/Diet_prop_yoyDV.csv,Main Inputs/Prey_E_jDV.csv,Main Inputs/Indigestible_Prey_jDV.csv,Main Inputs/Pred_E_jDV.csv,NA,NA,NA,NA,NA,NA,NA,NA,NA,NA,NA,FB4_Log_File_Test_TeeyoyDV,TRUE,Daily_Output_Tee_yoyDV
33,Tee yoyDV 33,41,Lake trout,0.302761338,p-value,0.365,32,124,1,13560,FALSE,FALSE,FALSE,FALSE,NA,NA,Main Inputs/Temperature_TeedrinJik_2007.csv,Main Inputs/Diet_prop_yoyDV.csv,Main Inputs/Prey_E_jDV.csv,Main Inputs/Indigestible_Prey_jDV.csv,Main Inputs/Pred_E_jDV.csv,NA,NA,NA,NA,NA,NA,NA,NA,NA,NA,NA,FB4_Log_File_Test_TeeyoyDV,TRUE,Daily_Output_Tee_yoyDV
34,Tee yoyDV 34,41,Lake trout,0.331919775,p-value,0.365,32,124,1,13560,FALSE,FALSE,FALSE,FALSE,NA,NA,Main Inputs/Temperature_TeedrinJik_2007.csv,Main Inputs/Diet_prop_yoyDV.csv,Main Inputs/Prey_E_jDV.csv,Main Inputs/Indigestible_Prey_jDV.csv,Main Inputs/Pred_E_jDV.csv,NA,NA,NA,NA,NA,NA,NA,NA,NA,NA,NA,FB4_Log_File_Test_TeeyoyDV,TRUE,Daily_Output_Tee_yoyDV
35,Tee yoyDV 35,41,Lake trout,0.362945004,p-value,0.365,32,124,1,13560,FALSE,FALSE,FALSE,FALSE,NA,NA,Main Inputs/Temperature_TeedrinJik_2007.csv,Main Inputs/Diet_prop_yoyDV.csv,Main Inputs/Prey_E_jDV.csv,Main Inputs/Indigestible_Prey_jDV.csv,Main Inputs/Pred_E_jDV.csv,NA,NA,NA,NA,NA,NA,NA,NA,NA,NA,NA,FB4_Log_File_Test_TeeyoyDV,TRUE,Daily_Output_Tee_yoyDV
36,Tee yoyDV 36,41,Lake trout,0.430846787,p-value,0.365,32,124,1,13560,FALSE,FALSE,FALSE,FALSE,NA,NA,Main Inputs/Temperature_TeedrinJik_2007.csv,Main Inputs/Diet_prop_yoyDV.csv,Main Inputs/Prey_E_jDV.csv,Main Inputs/Indigestible_Prey_jDV.csv,Main Inputs/Pred_E_jDV.csv,NA,NA,NA,NA,NA,NA,NA,NA,NA,NA,NA,FB4_Log_File_Test_TeeyoyDV,TRUE,Daily_Output_Tee_yoyDV
37,Tee yoyDV 37,41,Lake trout,0.467849558,p-value,0.365,32,124,1,13560,FALSE,FALSE,FALSE,FALSE,NA,NA,Main Inputs/Temperature_TeedrinJik_2007.csv,Main Inputs/Diet_prop_yoyDV.csv,Main Inputs/Prey_E_jDV.csv,Main Inputs/Indigestible_Prey_jDV.csv,Main Inputs/Pred_E_jDV.csv,NA,NA,NA,NA,NA,NA,NA,NA,NA,NA,NA,FB4_Log_File_Test_TeeyoyDV,TRUE,Daily_Output_Tee_yoyDV
38,Tee yoyDV 38,41,Lake trout,0.506971543,p-value,0.365,32,124,1,13560,FALSE,FALSE,FALSE,FALSE,NA,NA,Main Inputs/Temperature_TeedrinJik_2007.csv,Main Inputs/Diet_prop_yoyDV.csv,Main Inputs/Prey_E_jDV.csv,Main Inputs/Indigestible_Prey_jDV.csv,Main Inputs/Pred_E_jDV.csv,NA,NA,NA,NA,NA,NA,NA,NA,NA,NA,NA,FB4_Log_File_Test_TeeyoyDV,TRUE,Daily_Output_Tee_yoyDV
39,Tee yoyDV 39,41,Lake trout,0.022584515,p-value,0.365,32,124,1,13560,FALSE,FALSE,FALSE,FALSE,NA,NA,Main Inputs/Temperature_TeedrinJik_average.csv,Main Inputs/Diet_prop_yoyDV.csv,Main Inputs/Prey_E_jDV.csv,Main Inputs/Indigestible_Prey_jDV.csv,Main Inputs/Pred_E_jDV.csv,NA,NA,NA,NA,NA,NA,NA,NA,NA,NA,NA,FB4_Log_File_Test_TeeyoyDV,TRUE,Daily_Output_Tee_yoyDV
40,Tee yoyDV 40,41,Lake trout,0.040269263,p-value,0.365,32,124,1,13560,FALSE,FALSE,FALSE,FALSE,NA,NA,Main Inputs/Temperature_TeedrinJik_average.csv,Main Inputs/Diet_prop_yoyDV.csv,Main Inputs/Prey_E_jDV.csv,Main Inputs/Indigestible_Prey_jDV.csv,Main Inputs/Pred_E_jDV.csv,NA,NA,NA,NA,NA,NA,NA,NA,NA,NA,NA,FB4_Log_File_Test_TeeyoyDV,TRUE,Daily_Output_Tee_yoyDV
41,Tee yoyDV 41,41,Lake trout,0.065664236,p-value,0.365,32,124,1,13560,FALSE,FALSE,FALSE,FALSE,NA,NA,Main Inputs/Temperature_TeedrinJik_average.csv,Main Inputs/Diet_prop_yoyDV.csv,Main Inputs/Prey_E_jDV.csv,Main Inputs/Indigestible_Prey_jDV.csv,Main Inputs/Pred_E_jDV.csv,NA,NA,NA,NA,NA,NA,NA,NA,NA,NA,NA,FB4_Log_File_Test_TeeyoyDV,TRUE,Daily_Output_Tee_yoyDV
42,Tee yoyDV 42,41,Lake trout,0.076105148,p-value,0.365,32,124,1,13560,FALSE,FALSE,FALSE,FALSE,NA,NA,Main Inputs/Temperature_TeedrinJik_average.csv,Main Inputs/Diet_prop_yoyDV.csv,Main Inputs/Prey_E_jDV.csv,Main Inputs/Indigestible_Prey_jDV.csv,Main Inputs/Pred_E_jDV.csv,NA,NA,NA,NA,NA,NA,NA,NA,NA,NA,NA,FB4_Log_File_Test_TeeyoyDV,TRUE,Daily_Output_Tee_yoyDV
43,Tee yoyDV 43,41,Lake trout,0.100295015,p-value,0.365,32,124,1,13560,FALSE,FALSE,FALSE,FALSE,NA,NA,Main Inputs/Temperature_TeedrinJik_average.csv,Main Inputs/Diet_prop_yoyDV.csv,Main Inputs/Prey_E_jDV.csv,Main Inputs/Indigestible_Prey_jDV.csv,Main Inputs/Pred_E_jDV.csv,NA,NA,NA,NA,NA,NA,NA,NA,NA,NA,NA,FB4_Log_File_Test_TeeyoyDV,TRUE,Daily_Output_Tee_yoyDV
44,Tee yoyDV 44,41,Lake trout,0.114160273,p-value,0.365,32,124,1,13560,FALSE,FALSE,FALSE,FALSE,NA,NA,Main Inputs/Temperature_TeedrinJik_average.csv,Main Inputs/Diet_prop_yoyDV.csv,Main Inputs/Prey_E_jDV.csv,Main Inputs/Indigestible_Prey_jDV.csv,Main Inputs/Pred_E_jDV.csv,NA,NA,NA,NA,NA,NA,NA,NA,NA,NA,NA,FB4_Log_File_Test_TeeyoyDV,TRUE,Daily_Output_Tee_yoyDV
45,Tee yoyDV 45,41,Lake trout,0.129283991,p-value,0.365,32,124,1,13560,FALSE,FALSE,FALSE,FALSE,NA,NA,Main Inputs/Temperature_TeedrinJik_average.csv,Main Inputs/Diet_prop_yoyDV.csv,Main Inputs/Prey_E_jDV.csv,Main Inputs/Indigestible_Prey_jDV.csv,Main Inputs/Pred_E_jDV.csv,NA,NA,NA,NA,NA,NA,NA,NA,NA,NA,NA,FB4_Log_File_Test_TeeyoyDV,TRUE,Daily_Output_Tee_yoyDV
46,Tee yoyDV 46,41,Lake trout,0.145725365,p-value,0.365,32,124,1,13560,FALSE,FALSE,FALSE,FALSE,NA,NA,Main Inputs/Temperature_TeedrinJik_average.csv,Main Inputs/Diet_prop_yoyDV.csv,Main Inputs/Prey_E_jDV.csv,Main Inputs/Indigestible_Prey_jDV.csv,Main Inputs/Pred_E_jDV.csv,NA,NA,NA,NA,NA,NA,NA,NA,NA,NA,NA,FB4_Log_File_Test_TeeyoyDV,TRUE,Daily_Output_Tee_yoyDV
47,Tee yoyDV 47,41,Lake trout,0.163543981,p-value,0.365,32,124,1,13560,FALSE,FALSE,FALSE,FALSE,NA,NA,Main Inputs/Temperature_TeedrinJik_average.csv,Main Inputs/Diet_prop_yoyDV.csv,Main Inputs/Prey_E_jDV.csv,Main Inputs/Indigestible_Prey_jDV.csv,Main Inputs/Pred_E_jDV.csv,NA,NA,NA,NA,NA,NA,NA,NA,NA,NA,NA,FB4_Log_File_Test_TeeyoyDV,TRUE,Daily_Output_Tee_yoyDV
48,Tee yoyDV 48,41,Lake trout,0.18279981,p-value,0.365,32,124,1,13560,FALSE,FALSE,FALSE,FALSE,NA,NA,Main Inputs/Temperature_TeedrinJik_average.csv,Main Inputs/Diet_prop_yoyDV.csv,Main Inputs/Prey_E_jDV.csv,Main Inputs/Indigestible_Prey_jDV.csv,Main Inputs/Pred_E_jDV.csv,NA,NA,NA,NA,NA,NA,NA,NA,NA,NA,NA,FB4_Log_File_Test_TeeyoyDV,TRUE,Daily_Output_Tee_yoyDV
49,Tee yoyDV 49,41,Lake trout,0.203553189,p-value,0.365,32,124,1,13560,FALSE,FALSE,FALSE,FALSE,NA,NA,Main Inputs/Temperature_TeedrinJik_average.csv,Main Inputs/Diet_prop_yoyDV.csv,Main Inputs/Prey_E_jDV.csv,Main Inputs/Indigestible_Prey_jDV.csv,Main Inputs/Pred_E_jDV.csv,NA,NA,NA,NA,NA,NA,NA,NA,NA,NA,NA,FB4_Log_File_Test_TeeyoyDV,TRUE,Daily_Output_Tee_yoyDV
50,Tee yoyDV 50,41,Lake trout,0.225864816,p-value,0.365,32,124,1,13560,FALSE,FALSE,FALSE,FALSE,NA,NA,Main Inputs/Temperature_TeedrinJik_average.csv,Main Inputs/Diet_prop_yoyDV.csv,Main Inputs/Prey_E_jDV.csv,Main Inputs/Indigestible_Prey_jDV.csv,Main Inputs/Pred_E_jDV.csv,NA,NA,NA,NA,NA,NA,NA,NA,NA,NA,NA,FB4_Log_File_Test_TeeyoyDV,TRUE,Daily_Output_Tee_yoyDV
51,Tee yoyDV 51,41,Lake trout,0.249795737,p-value,0.365,32,124,1,13560,FALSE,FALSE,FALSE,FALSE,NA,NA,Main Inputs/Temperature_TeedrinJik_average.csv,Main Inputs/Diet_prop_yoyDV.csv,Main Inputs/Prey_E_jDV.csv,Main Inputs/Indigestible_Prey_jDV.csv,Main Inputs/Pred_E_jDV.csv,NA,NA,NA,NA,NA,NA,NA,NA,NA,NA,NA,FB4_Log_File_Test_TeeyoyDV,TRUE,Daily_Output_Tee_yoyDV
52,Tee yoyDV 52,41,Lake trout,0.302761338,p-value,0.365,32,124,1,13560,FALSE,FALSE,FALSE,FALSE,NA,NA,Main Inputs/Temperature_TeedrinJik_average.csv,Main Inputs/Diet_prop_yoyDV.csv,Main Inputs/Prey_E_jDV.csv,Main Inputs/Indigestible_Prey_jDV.csv,Main Inputs/Pred_E_jDV.csv,NA,NA,NA,NA,NA,NA,NA,NA,NA,NA,NA,FB4_Log_File_Test_TeeyoyDV,TRUE,Daily_Output_Tee_yoyDV
53,Tee yoyDV 53,41,Lake trout,0.331919775,p-value,0.365,32,124,1,13560,FALSE,FALSE,FALSE,FALSE,NA,NA,Main Inputs/Temperature_TeedrinJik_average.csv,Main Inputs/Diet_prop_yoyDV.csv,Main Inputs/Prey_E_jDV.csv,Main Inputs/Indigestible_Prey_jDV.csv,Main Inputs/Pred_E_jDV.csv,NA,NA,NA,NA,NA,NA,NA,NA,NA,NA,NA,FB4_Log_File_Test_TeeyoyDV,TRUE,Daily_Output_Tee_yoyDV
54,Tee yoyDV 54,41,Lake trout,0.362945004,p-value,0.365,32,124,1,13560,FALSE,FALSE,FALSE,FALSE,NA,NA,Main Inputs/Temperature_TeedrinJik_average.csv,Main Inputs/Diet_prop_yoyDV.csv,Main Inputs/Prey_E_jDV.csv,Main Inputs/Indigestible_Prey_jDV.csv,Main Inputs/Pred_E_jDV.csv,NA,NA,NA,NA,NA,NA,NA,NA,NA,NA,NA,FB4_Log_File_Test_TeeyoyDV,TRUE,Daily_Output_Tee_yoyDV
55,Tee yoyDV 55,41,Lake trout,0.430846787,p-value,0.365,32,124,1,13560,FALSE,FALSE,FALSE,FALSE,NA,NA,Main Inputs/Temperature_TeedrinJik_average.csv,Main Inputs/Diet_prop_yoyDV.csv,Main Inputs/Prey_E_jDV.csv,Main Inputs/Indigestible_Prey_jDV.csv,Main Inputs/Pred_E_jDV.csv,NA,NA,NA,NA,NA,NA,NA,NA,NA,NA,NA,FB4_Log_File_Test_TeeyoyDV,TRUE,Daily_Output_Tee_yoyDV
56,Tee yoyDV 56,41,Lake trout,0.467849558,p-value,0.365,32,124,1,13560,FALSE,FALSE,FALSE,FALSE,NA,NA,Main Inputs/Temperature_TeedrinJik_average.csv,Main Inputs/Diet_prop_yoyDV.csv,Main Inputs/Prey_E_jDV.csv,Main Inputs/Indigestible_Prey_jDV.csv,Main Inputs/Pred_E_jDV.csv,NA,NA,NA,NA,NA,NA,NA,NA,NA,NA,NA,FB4_Log_File_Test_TeeyoyDV,TRUE,Daily_Output_Tee_yoyDV
57,Tee yoyDV 57,41,Lake trout,0.506971543,p-value,0.365,32,124,1,13560,FALSE,FALSE,FALSE,FALSE,NA,NA,Main Inputs/Temperature_TeedrinJik_average.csv,Main Inputs/Diet_prop_yoyDV.csv,Main Inputs/Prey_E_jDV.csv,Main Inputs/Indigestible_Prey_jDV.csv,Main Inputs/Pred_E_jDV.csv,NA,NA,NA,NA,NA,NA,NA,NA,NA,NA,NA,FB4_Log_File_Test_TeeyoyDV,TRUE,Daily_Output_Tee_yoyDV
58,Tee yoyDV 58,41,Lake trout,0.022584515,p-value,0.365,32,124,1,13560,FALSE,FALSE,FALSE,FALSE,NA,NA,Main Inputs/Temperature_TeedrinJik_2044highpgw.csv,Main Inputs/Diet_prop_yoyDV.csv,Main Inputs/Prey_E_jDV.csv,Main Inputs/Indigestible_Prey_jDV.csv,Main Inputs/Pred_E_jDV.csv,NA,NA,NA,NA,NA,NA,NA,NA,NA,NA,NA,FB4_Log_File_Test_TeeyoyDV,TRUE,Daily_Output_Tee_yoyDV
59,Tee yoyDV 59,41,Lake trout,0.040269263,p-value,0.365,32,124,1,13560,FALSE,FALSE,FALSE,FALSE,NA,NA,Main Inputs/Temperature_TeedrinJik_2044highpgw.csv,Main Inputs/Diet_prop_yoyDV.csv,Main Inputs/Prey_E_jDV.csv,Main Inputs/Indigestible_Prey_jDV.csv,Main Inputs/Pred_E_jDV.csv,NA,NA,NA,NA,NA,NA,NA,NA,NA,NA,NA,FB4_Log_File_Test_TeeyoyDV,TRUE,Daily_Output_Tee_yoyDV
60,Tee yoyDV 60,41,Lake trout,0.065664236,p-value,0.365,32,124,1,13560,FALSE,FALSE,FALSE,FALSE,NA,NA,Main Inputs/Temperature_TeedrinJik_2044highpgw.csv,Main Inputs/Diet_prop_yoyDV.csv,Main Inputs/Prey_E_jDV.csv,Main Inputs/Indigestible_Prey_jDV.csv,Main Inputs/Pred_E_jDV.csv,NA,NA,NA,NA,NA,NA,NA,NA,NA,NA,NA,FB4_Log_File_Test_TeeyoyDV,TRUE,Daily_Output_Tee_yoyDV
61,Tee yoyDV 61,41,Lake trout,0.076105148,p-value,0.365,32,124,1,13560,FALSE,FALSE,FALSE,FALSE,NA,NA,Main Inputs/Temperature_TeedrinJik_2044highpgw.csv,Main Inputs/Diet_prop_yoyDV.csv,Main Inputs/Prey_E_jDV.csv,Main Inputs/Indigestible_Prey_jDV.csv,Main Inputs/Pred_E_jDV.csv,NA,NA,NA,NA,NA,NA,NA,NA,NA,NA,NA,FB4_Log_File_Test_TeeyoyDV,TRUE,Daily_Output_Tee_yoyDV
62,Tee yoyDV 62,41,Lake trout,0.100295015,p-value,0.365,32,124,1,13560,FALSE,FALSE,FALSE,FALSE,NA,NA,Main Inputs/Temperature_TeedrinJik_2044highpgw.csv,Main Inputs/Diet_prop_yoyDV.csv,Main Inputs/Prey_E_jDV.csv,Main Inputs/Indigestible_Prey_jDV.csv,Main Inputs/Pred_E_jDV.csv,NA,NA,NA,NA,NA,NA,NA,NA,NA,NA,NA,FB4_Log_File_Test_TeeyoyDV,TRUE,Daily_Output_Tee_yoyDV
63,Tee yoyDV 63,41,Lake trout,0.114160273,p-value,0.365,32,124,1,13560,FALSE,FALSE,FALSE,FALSE,NA,NA,Main Inputs/Temperature_TeedrinJik_2044highpgw.csv,Main Inputs/Diet_prop_yoyDV.csv,Main Inputs/Prey_E_jDV.csv,Main Inputs/Indigestible_Prey_jDV.csv,Main Inputs/Pred_E_jDV.csv,NA,NA,NA,NA,NA,NA,NA,NA,NA,NA,NA,FB4_Log_File_Test_TeeyoyDV,TRUE,Daily_Output_Tee_yoyDV
64,Tee yoyDV 64,41,Lake trout,0.129283991,p-value,0.365,32,124,1,13560,FALSE,FALSE,FALSE,FALSE,NA,NA,Main Inputs/Temperature_TeedrinJik_2044highpgw.csv,Main Inputs/Diet_prop_yoyDV.csv,Main Inputs/Prey_E_jDV.csv,Main Inputs/Indigestible_Prey_jDV.csv,Main Inputs/Pred_E_jDV.csv,NA,NA,NA,NA,NA,NA,NA,NA,NA,NA,NA,FB4_Log_File_Test_TeeyoyDV,TRUE,Daily_Output_Tee_yoyDV
65,Tee yoyDV 65,41,Lake trout,0.145725365,p-value,0.365,32,124,1,13560,FALSE,FALSE,FALSE,FALSE,NA,NA,Main Inputs/Temperature_TeedrinJik_2044highpgw.csv,Main Inputs/Diet_prop_yoyDV.csv,Main Inputs/Prey_E_jDV.csv,Main Inputs/Indigestible_Prey_jDV.csv,Main Inputs/Pred_E_jDV.csv,NA,NA,NA,NA,NA,NA,NA,NA,NA,NA,NA,FB4_Log_File_Test_TeeyoyDV,TRUE,Daily_Output_Tee_yoyDV
66,Tee yoyDV 66,41,Lake trout,0.163543981,p-value,0.365,32,124,1,13560,FALSE,FALSE,FALSE,FALSE,NA,NA,Main Inputs/Temperature_TeedrinJik_2044highpgw.csv,Main Inputs/Diet_prop_yoyDV.csv,Main Inputs/Prey_E_jDV.csv,Main Inputs/Indigestible_Prey_jDV.csv,Main Inputs/Pred_E_jDV.csv,NA,NA,NA,NA,NA,NA,NA,NA,NA,NA,NA,FB4_Log_File_Test_TeeyoyDV,TRUE,Daily_Output_Tee_yoyDV
67,Tee yoyDV 67,41,Lake trout,0.18279981,p-value,0.365,32,124,1,13560,FALSE,FALSE,FALSE,FALSE,NA,NA,Main Inputs/Temperature_TeedrinJik_2044highpgw.csv,Main Inputs/Diet_prop_yoyDV.csv,Main Inputs/Prey_E_jDV.csv,Main Inputs/Indigestible_Prey_jDV.csv,Main Inputs/Pred_E_jDV.csv,NA,NA,NA,NA,NA,NA,NA,NA,NA,NA,NA,FB4_Log_File_Test_TeeyoyDV,TRUE,Daily_Output_Tee_yoyDV
68,Tee yoyDV 68,41,Lake trout,0.203553189,p-value,0.365,32,124,1,13560,FALSE,FALSE,FALSE,FALSE,NA,NA,Main Inputs/Temperature_TeedrinJik_2044highpgw.csv,Main Inputs/Diet_prop_yoyDV.csv,Main Inputs/Prey_E_jDV.csv,Main Inputs/Indigestible_Prey_jDV.csv,Main Inputs/Pred_E_jDV.csv,NA,NA,NA,NA,NA,NA,NA,NA,NA,NA,NA,FB4_Log_File_Test_TeeyoyDV,TRUE,Daily_Output_Tee_yoyDV
69,Tee yoyDV 69,41,Lake trout,0.225864816,p-value,0.365,32,124,1,13560,FALSE,FALSE,FALSE,FALSE,NA,NA,Main Inputs/Temperature_TeedrinJik_2044highpgw.csv,Main Inputs/Diet_prop_yoyDV.csv,Main Inputs/Prey_E_jDV.csv,Main Inputs/Indigestible_Prey_jDV.csv,Main Inputs/Pred_E_jDV.csv,NA,NA,NA,NA,NA,NA,NA,NA,NA,NA,NA,FB4_Log_File_Test_TeeyoyDV,TRUE,Daily_Output_Tee_yoyDV
70,Tee yoyDV 70,41,Lake trout,0.249795737,p-value,0.365,32,124,1,13560,FALSE,FALSE,FALSE,FALSE,NA,NA,Main Inputs/Temperature_TeedrinJik_2044highpgw.csv,Main Inputs/Diet_prop_yoyDV.csv,Main Inputs/Prey_E_jDV.csv,Main Inputs/Indigestible_Prey_jDV.csv,Main Inputs/Pred_E_jDV.csv,NA,NA,NA,NA,NA,NA,NA,NA,NA,NA,NA,FB4_Log_File_Test_TeeyoyDV,TRUE,Daily_Output_Tee_yoyDV
71,Tee yoyDV 71,41,Lake trout,0.302761338,p-value,0.365,32,124,1,13560,FALSE,FALSE,FALSE,FALSE,NA,NA,Main Inputs/Temperature_TeedrinJik_2044highpgw.csv,Main Inputs/Diet_prop_yoyDV.csv,Main Inputs/Prey_E_jDV.csv,Main Inputs/Indigestible_Prey_jDV.csv,Main Inputs/Pred_E_jDV.csv,NA,NA,NA,NA,NA,NA,NA,NA,NA,NA,NA,FB4_Log_File_Test_TeeyoyDV,TRUE,Daily_Output_Tee_yoyDV
72,Tee yoyDV 72,41,Lake trout,0.331919775,p-value,0.365,32,124,1,13560,FALSE,FALSE,FALSE,FALSE,NA,NA,Main Inputs/Temperature_TeedrinJik_2044highpgw.csv,Main Inputs/Diet_prop_yoyDV.csv,Main Inputs/Prey_E_jDV.csv,Main Inputs/Indigestible_Prey_jDV.csv,Main Inputs/Pred_E_jDV.csv,NA,NA,NA,NA,NA,NA,NA,NA,NA,NA,NA,FB4_Log_File_Test_TeeyoyDV,TRUE,Daily_Output_Tee_yoyDV
73,Tee yoyDV 73,41,Lake trout,0.362945004,p-value,0.365,32,124,1,13560,FALSE,FALSE,FALSE,FALSE,NA,NA,Main Inputs/Temperature_TeedrinJik_2044highpgw.csv,Main Inputs/Diet_prop_yoyDV.csv,Main Inputs/Prey_E_jDV.csv,Main Inputs/Indigestible_Prey_jDV.csv,Main Inputs/Pred_E_jDV.csv,NA,NA,NA,NA,NA,NA,NA,NA,NA,NA,NA,FB4_Log_File_Test_TeeyoyDV,TRUE,Daily_Output_Tee_yoyDV
74,Tee yoyDV 74,41,Lake trout,0.430846787,p-value,0.365,32,124,1,13560,FALSE,FALSE,FALSE,FALSE,NA,NA,Main Inputs/Temperature_TeedrinJik_2044highpgw.csv,Main Inputs/Diet_prop_yoyDV.csv,Main Inputs/Prey_E_jDV.csv,Main Inputs/Indigestible_Prey_jDV.csv,Main Inputs/Pred_E_jDV.csv,NA,NA,NA,NA,NA,NA,NA,NA,NA,NA,NA,FB4_Log_File_Test_TeeyoyDV,TRUE,Daily_Output_Tee_yoyDV
75,Tee yoyDV 75,41,Lake trout,0.467849558,p-value,0.365,32,124,1,13560,FALSE,FALSE,FALSE,FALSE,NA,NA,Main Inputs/Temperature_TeedrinJik_2044highpgw.csv,Main Inputs/Diet_prop_yoyDV.csv,Main Inputs/Prey_E_jDV.csv,Main Inputs/Indigestible_Prey_jDV.csv,Main Inputs/Pred_E_jDV.csv,NA,NA,NA,NA,NA,NA,NA,NA,NA,NA,NA,FB4_Log_File_Test_TeeyoyDV,TRUE,Daily_Output_Tee_yoyDV
76,Tee yoyDV 76,41,Lake trout,0.506971543,p-value,0.365,32,124,1,13560,FALSE,FALSE,FALSE,FALSE,NA,NA,Main Inputs/Temperature_TeedrinJik_2044highpgw.csv,Main Inputs/Diet_prop_yoyDV.csv,Main Inputs/Prey_E_jDV.csv,Main Inputs/Indigestible_Prey_jDV.csv,Main Inputs/Pred_E_jDV.csv,NA,NA,NA,NA,NA,NA,NA,NA,NA,NA,NA,FB4_Log_File_Test_TeeyoyDV,TRUE,Daily_Output_Tee_yoyDV
77,Tee yoyDV 77,41,Lake trout,0.022584515,p-value,0.365,32,124,1,13560,FALSE,FALSE,FALSE,FALSE,NA,NA,Main Inputs/Temperature_TeedrinJik_2054highpgw.csv,Main Inputs/Diet_prop_yoyDV.csv,Main Inputs/Prey_E_jDV.csv,Main Inputs/Indigestible_Prey_jDV.csv,Main Inputs/Pred_E_jDV.csv,NA,NA,NA,NA,NA,NA,NA,NA,NA,NA,NA,FB4_Log_File_Test_TeeyoyDV,TRUE,Daily_Output_Tee_yoyDV
78,Tee yoyDV 78,41,Lake trout,0.040269263,p-value,0.365,32,124,1,13560,FALSE,FALSE,FALSE,FALSE,NA,NA,Main Inputs/Temperature_TeedrinJik_2054highpgw.csv,Main Inputs/Diet_prop_yoyDV.csv,Main Inputs/Prey_E_jDV.csv,Main Inputs/Indigestible_Prey_jDV.csv,Main Inputs/Pred_E_jDV.csv,NA,NA,NA,NA,NA,NA,NA,NA,NA,NA,NA,FB4_Log_File_Test_TeeyoyDV,TRUE,Daily_Output_Tee_yoyDV
79,Tee yoyDV 79,41,Lake trout,0.065664236,p-value,0.365,32,124,1,13560,FALSE,FALSE,FALSE,FALSE,NA,NA,Main Inputs/Temperature_TeedrinJik_2054highpgw.csv,Main Inputs/Diet_prop_yoyDV.csv,Main Inputs/Prey_E_jDV.csv,Main Inputs/Indigestible_Prey_jDV.csv,Main Inputs/Pred_E_jDV.csv,NA,NA,NA,NA,NA,NA,NA,NA,NA,NA,NA,FB4_Log_File_Test_TeeyoyDV,TRUE,Daily_Output_Tee_yoyDV
80,Tee yoyDV 80,41,Lake trout,0.076105148,p-value,0.365,32,124,1,13560,FALSE,FALSE,FALSE,FALSE,NA,NA,Main Inputs/Temperature_TeedrinJik_2054highpgw.csv,Main Inputs/Diet_prop_yoyDV.csv,Main Inputs/Prey_E_jDV.csv,Main Inputs/Indigestible_Prey_jDV.csv,Main Inputs/Pred_E_jDV.csv,NA,NA,NA,NA,NA,NA,NA,NA,NA,NA,NA,FB4_Log_File_Test_TeeyoyDV,TRUE,Daily_Output_Tee_yoyDV
81,Tee yoyDV 81,41,Lake trout,0.100295015,p-value,0.365,32,124,1,13560,FALSE,FALSE,FALSE,FALSE,NA,NA,Main Inputs/Temperature_TeedrinJik_2054highpgw.csv,Main Inputs/Diet_prop_yoyDV.csv,Main Inputs/Prey_E_jDV.csv,Main Inputs/Indigestible_Prey_jDV.csv,Main Inputs/Pred_E_jDV.csv,NA,NA,NA,NA,NA,NA,NA,NA,NA,NA,NA,FB4_Log_File_Test_TeeyoyDV,TRUE,Daily_Output_Tee_yoyDV
82,Tee yoyDV 82,41,Lake trout,0.114160273,p-value,0.365,32,124,1,13560,FALSE,FALSE,FALSE,FALSE,NA,NA,Main Inputs/Temperature_TeedrinJik_2054highpgw.csv,Main Inputs/Diet_prop_yoyDV.csv,Main Inputs/Prey_E_jDV.csv,Main Inputs/Indigestible_Prey_jDV.csv,Main Inputs/Pred_E_jDV.csv,NA,NA,NA,NA,NA,NA,NA,NA,NA,NA,NA,FB4_Log_File_Test_TeeyoyDV,TRUE,Daily_Output_Tee_yoyDV
83,Tee yoyDV 83,41,Lake trout,0.129283991,p-value,0.365,32,124,1,13560,FALSE,FALSE,FALSE,FALSE,NA,NA,Main Inputs/Temperature_TeedrinJik_2054highpgw.csv,Main Inputs/Diet_prop_yoyDV.csv,Main Inputs/Prey_E_jDV.csv,Main Inputs/Indigestible_Prey_jDV.csv,Main Inputs/Pred_E_jDV.csv,NA,NA,NA,NA,NA,NA,NA,NA,NA,NA,NA,FB4_Log_File_Test_TeeyoyDV,TRUE,Daily_Output_Tee_yoyDV
84,Tee yoyDV 84,41,Lake trout,0.145725365,p-value,0.365,32,124,1,13560,FALSE,FALSE,FALSE,FALSE,NA,NA,Main Inputs/Temperature_TeedrinJik_2054highpgw.csv,Main Inputs/Diet_prop_yoyDV.csv,Main Inputs/Prey_E_jDV.csv,Main Inputs/Indigestible_Prey_jDV.csv,Main Inputs/Pred_E_jDV.csv,NA,NA,NA,NA,NA,NA,NA,NA,NA,NA,NA,FB4_Log_File_Test_TeeyoyDV,TRUE,Daily_Output_Tee_yoyDV
85,Tee yoyDV 85,41,Lake trout,0.163543981,p-value,0.365,32,124,1,13560,FALSE,FALSE,FALSE,FALSE,NA,NA,Main Inputs/Temperature_TeedrinJik_2054highpgw.csv,Main Inputs/Diet_prop_yoyDV.csv,Main Inputs/Prey_E_jDV.csv,Main Inputs/Indigestible_Prey_jDV.csv,Main Inputs/Pred_E_jDV.csv,NA,NA,NA,NA,NA,NA,NA,NA,NA,NA,NA,FB4_Log_File_Test_TeeyoyDV,TRUE,Daily_Output_Tee_yoyDV
86,Tee yoyDV 86,41,Lake trout,0.18279981,p-value,0.365,32,124,1,13560,FALSE,FALSE,FALSE,FALSE,NA,NA,Main Inputs/Temperature_TeedrinJik_2054highpgw.csv,Main Inputs/Diet_prop_yoyDV.csv,Main Inputs/Prey_E_jDV.csv,Main Inputs/Indigestible_Prey_jDV.csv,Main Inputs/Pred_E_jDV.csv,NA,NA,NA,NA,NA,NA,NA,NA,NA,NA,NA,FB4_Log_File_Test_TeeyoyDV,TRUE,Daily_Output_Tee_yoyDV
87,Tee yoyDV 87,41,Lake trout,0.203553189,p-value,0.365,32,124,1,13560,FALSE,FALSE,FALSE,FALSE,NA,NA,Main Inputs/Temperature_TeedrinJik_2054highpgw.csv,Main Inputs/Diet_prop_yoyDV.csv,Main Inputs/Prey_E_jDV.csv,Main Inputs/Indigestible_Prey_jDV.csv,Main Inputs/Pred_E_jDV.csv,NA,NA,NA,NA,NA,NA,NA,NA,NA,NA,NA,FB4_Log_File_Test_TeeyoyDV,TRUE,Daily_Output_Tee_yoyDV
88,Tee yoyDV 88,41,Lake trout,0.225864816,p-value,0.365,32,124,1,13560,FALSE,FALSE,FALSE,FALSE,NA,NA,Main Inputs/Temperature_TeedrinJik_2054highpgw.csv,Main Inputs/Diet_prop_yoyDV.csv,Main Inputs/Prey_E_jDV.csv,Main Inputs/Indigestible_Prey_jDV.csv,Main Inputs/Pred_E_jDV.csv,NA,NA,NA,NA,NA,NA,NA,NA,NA,NA,NA,FB4_Log_File_Test_TeeyoyDV,TRUE,Daily_Output_Tee_yoyDV
89,Tee yoyDV 89,41,Lake trout,0.249795737,p-value,0.365,32,124,1,13560,FALSE,FALSE,FALSE,FALSE,NA,NA,Main Inputs/Temperature_TeedrinJik_2054highpgw.csv,Main Inputs/Diet_prop_yoyDV.csv,Main Inputs/Prey_E_jDV.csv,Main Inputs/Indigestible_Prey_jDV.csv,Main Inputs/Pred_E_jDV.csv,NA,NA,NA,NA,NA,NA,NA,NA,NA,NA,NA,FB4_Log_File_Test_TeeyoyDV,TRUE,Daily_Output_Tee_yoyDV
90,Tee yoyDV 90,41,Lake trout,0.302761338,p-value,0.365,32,124,1,13560,FALSE,FALSE,FALSE,FALSE,NA,NA,Main Inputs/Temperature_TeedrinJik_2054highpgw.csv,Main Inputs/Diet_prop_yoyDV.csv,Main Inputs/Prey_E_jDV.csv,Main Inputs/Indigestible_Prey_jDV.csv,Main Inputs/Pred_E_jDV.csv,NA,NA,NA,NA,NA,NA,NA,NA,NA,NA,NA,FB4_Log_File_Test_TeeyoyDV,TRUE,Daily_Output_Tee_yoyDV
91,Tee yoyDV 91,41,Lake trout,0.331919775,p-value,0.365,32,124,1,13560,FALSE,FALSE,FALSE,FALSE,NA,NA,Main Inputs/Temperature_TeedrinJik_2054highpgw.csv,Main Inputs/Diet_prop_yoyDV.csv,Main Inputs/Prey_E_jDV.csv,Main Inputs/Indigestible_Prey_jDV.csv,Main Inputs/Pred_E_jDV.csv,NA,NA,NA,NA,NA,NA,NA,NA,NA,NA,NA,FB4_Log_File_Test_TeeyoyDV,TRUE,Daily_Output_Tee_yoyDV
92,Tee yoyDV 92,41,Lake trout,0.362945004,p-value,0.365,32,124,1,13560,FALSE,FALSE,FALSE,FALSE,NA,NA,Main Inputs/Temperature_TeedrinJik_2054highpgw.csv,Main Inputs/Diet_prop_yoyDV.csv,Main Inputs/Prey_E_jDV.csv,Main Inputs/Indigestible_Prey_jDV.csv,Main Inputs/Pred_E_jDV.csv,NA,NA,NA,NA,NA,NA,NA,NA,NA,NA,NA,FB4_Log_File_Test_TeeyoyDV,TRUE,Daily_Output_Tee_yoyDV
93,Tee yoyDV 93,41,Lake trout,0.430846787,p-value,0.365,32,124,1,13560,FALSE,FALSE,FALSE,FALSE,NA,NA,Main Inputs/Temperature_TeedrinJik_2054highpgw.csv,Main Inputs/Diet_prop_yoyDV.csv,Main Inputs/Prey_E_jDV.csv,Main Inputs/Indigestible_Prey_jDV.csv,Main Inputs/Pred_E_jDV.csv,NA,NA,NA,NA,NA,NA,NA,NA,NA,NA,NA,FB4_Log_File_Test_TeeyoyDV,TRUE,Daily_Output_Tee_yoyDV
94,Tee yoyDV 94,41,Lake trout,0.467849558,p-value,0.365,32,124,1,13560,FALSE,FALSE,FALSE,FALSE,NA,NA,Main Inputs/Temperature_TeedrinJik_2054highpgw.csv,Main Inputs/Diet_prop_yoyDV.csv,Main Inputs/Prey_E_jDV.csv,Main Inputs/Indigestible_Prey_jDV.csv,Main Inputs/Pred_E_jDV.csv,NA,NA,NA,NA,NA,NA,NA,NA,NA,NA,NA,FB4_Log_File_Test_TeeyoyDV,TRUE,Daily_Output_Tee_yoyDV
95,Tee yoyDV 95,41,Lake trout,0.506971543,p-value,0.365,32,124,1,13560,FALSE,FALSE,FALSE,FALSE,NA,NA,Main Inputs/Temperature_TeedrinJik_2054highpgw.csv,Main Inputs/Diet_prop_yoyDV.csv,Main Inputs/Prey_E_jDV.csv,Main Inputs/Indigestible_Prey_jDV.csv,Main Inputs/Pred_E_jDV.csv,NA,NA,NA,NA,NA,NA,NA,NA,NA,NA,NA,FB4_Log_File_Test_TeeyoyDV,TRUE,Daily_Output_Tee_yoyDV
96,Tee yoyDV 96,41,Lake trout,0.022584515,p-value,0.365,32,124,1,13560,FALSE,FALSE,FALSE,FALSE,NA,NA,Main Inputs/Temperature_TeedrinJik_average_highpgw.csv,Main Inputs/Diet_prop_yoyDV.csv,Main Inputs/Prey_E_jDV.csv,Main Inputs/Indigestible_Prey_jDV.csv,Main Inputs/Pred_E_jDV.csv,NA,NA,NA,NA,NA,NA,NA,NA,NA,NA,NA,FB4_Log_File_Test_TeeyoyDV,TRUE,Daily_Output_Tee_yoyDV
97,Tee yoyDV 97,41,Lake trout,0.040269263,p-value,0.365,32,124,1,13560,FALSE,FALSE,FALSE,FALSE,NA,NA,Main Inputs/Temperature_TeedrinJik_average_highpgw.csv,Main Inputs/Diet_prop_yoyDV.csv,Main Inputs/Prey_E_jDV.csv,Main Inputs/Indigestible_Prey_jDV.csv,Main Inputs/Pred_E_jDV.csv,NA,NA,NA,NA,NA,NA,NA,NA,NA,NA,NA,FB4_Log_File_Test_TeeyoyDV,TRUE,Daily_Output_Tee_yoyDV
98,Tee yoyDV 98,41,Lake trout,0.065664236,p-value,0.365,32,124,1,13560,FALSE,FALSE,FALSE,FALSE,NA,NA,Main Inputs/Temperature_TeedrinJik_average_highpgw.csv,Main Inputs/Diet_prop_yoyDV.csv,Main Inputs/Prey_E_jDV.csv,Main Inputs/Indigestible_Prey_jDV.csv,Main Inputs/Pred_E_jDV.csv,NA,NA,NA,NA,NA,NA,NA,NA,NA,NA,NA,FB4_Log_File_Test_TeeyoyDV,TRUE,Daily_Output_Tee_yoyDV
99,Tee yoyDV 99,41,Lake trout,0.076105148,p-value,0.365,32,124,1,13560,FALSE,FALSE,FALSE,FALSE,NA,NA,Main Inputs/Temperature_TeedrinJik_average_highpgw.csv,Main Inputs/Diet_prop_yoyDV.csv,Main Inputs/Prey_E_jDV.csv,Main Inputs/Indigestible_Prey_jDV.csv,Main Inputs/Pred_E_jDV.csv,NA,NA,NA,NA,NA,NA,NA,NA,NA,NA,NA,FB4_Log_File_Test_TeeyoyDV,TRUE,Daily_Output_Tee_yoyDV
100,Tee yoyDV 100,41,Lake trout,0.100295015,p-value,0.365,32,124,1,13560,FALSE,FALSE,FALSE,FALSE,NA,NA,Main Inputs/Temperature_TeedrinJik_average_highpgw.csv,Main Inputs/Diet_prop_yoyDV.csv,Main Inputs/Prey_E_jDV.csv,Main Inputs/Indigestible_Prey_jDV.csv,Main Inputs/Pred_E_jDV.csv,NA,NA,NA,NA,NA,NA,NA,NA,NA,NA,NA,FB4_Log_File_Test_TeeyoyDV,TRUE,Daily_Output_Tee_yoyDV
101,Tee yoyDV 101,41,Lake trout,0.114160273,p-value,0.365,32,124,1,13560,FALSE,FALSE,FALSE,FALSE,NA,NA,Main Inputs/Temperature_TeedrinJik_average_highpgw.csv,Main Inputs/Diet_prop_yoyDV.csv,Main Inputs/Prey_E_jDV.csv,Main Inputs/Indigestible_Prey_jDV.csv,Main Inputs/Pred_E_jDV.csv,NA,NA,NA,NA,NA,NA,NA,NA,NA,NA,NA,FB4_Log_File_Test_TeeyoyDV,TRUE,Daily_Output_Tee_yoyDV
102,Tee yoyDV 102,41,Lake trout,0.129283991,p-value,0.365,32,124,1,13560,FALSE,FALSE,FALSE,FALSE,NA,NA,Main Inputs/Temperature_TeedrinJik_average_highpgw.csv,Main Inputs/Diet_prop_yoyDV.csv,Main Inputs/Prey_E_jDV.csv,Main Inputs/Indigestible_Prey_jDV.csv,Main Inputs/Pred_E_jDV.csv,NA,NA,NA,NA,NA,NA,NA,NA,NA,NA,NA,FB4_Log_File_Test_TeeyoyDV,TRUE,Daily_Output_Tee_yoyDV
103,Tee yoyDV 103,41,Lake trout,0.145725365,p-value,0.365,32,124,1,13560,FALSE,FALSE,FALSE,FALSE,NA,NA,Main Inputs/Temperature_TeedrinJik_average_highpgw.csv,Main Inputs/Diet_prop_yoyDV.csv,Main Inputs/Prey_E_jDV.csv,Main Inputs/Indigestible_Prey_jDV.csv,Main Inputs/Pred_E_jDV.csv,NA,NA,NA,NA,NA,NA,NA,NA,NA,NA,NA,FB4_Log_File_Test_TeeyoyDV,TRUE,Daily_Output_Tee_yoyDV
104,Tee yoyDV 104,41,Lake trout,0.163543981,p-value,0.365,32,124,1,13560,FALSE,FALSE,FALSE,FALSE,NA,NA,Main Inputs/Temperature_TeedrinJik_average_highpgw.csv,Main Inputs/Diet_prop_yoyDV.csv,Main Inputs/Prey_E_jDV.csv,Main Inputs/Indigestible_Prey_jDV.csv,Main Inputs/Pred_E_jDV.csv,NA,NA,NA,NA,NA,NA,NA,NA,NA,NA,NA,FB4_Log_File_Test_TeeyoyDV,TRUE,Daily_Output_Tee_yoyDV
105,Tee yoyDV 105,41,Lake trout,0.18279981,p-value,0.365,32,124,1,13560,FALSE,FALSE,FALSE,FALSE,NA,NA,Main Inputs/Temperature_TeedrinJik_average_highpgw.csv,Main Inputs/Diet_prop_yoyDV.csv,Main Inputs/Prey_E_jDV.csv,Main Inputs/Indigestible_Prey_jDV.csv,Main Inputs/Pred_E_jDV.csv,NA,NA,NA,NA,NA,NA,NA,NA,NA,NA,NA,FB4_Log_File_Test_TeeyoyDV,TRUE,Daily_Output_Tee_yoyDV
106,Tee yoyDV 106,41,Lake trout,0.203553189,p-value,0.365,32,124,1,13560,FALSE,FALSE,FALSE,FALSE,NA,NA,Main Inputs/Temperature_TeedrinJik_average_highpgw.csv,Main Inputs/Diet_prop_yoyDV.csv,Main Inputs/Prey_E_jDV.csv,Main Inputs/Indigestible_Prey_jDV.csv,Main Inputs/Pred_E_jDV.csv,NA,NA,NA,NA,NA,NA,NA,NA,NA,NA,NA,FB4_Log_File_Test_TeeyoyDV,TRUE,Daily_Output_Tee_yoyDV
107,Tee yoyDV 107,41,Lake trout,0.225864816,p-value,0.365,32,124,1,13560,FALSE,FALSE,FALSE,FALSE,NA,NA,Main Inputs/Temperature_TeedrinJik_average_highpgw.csv,Main Inputs/Diet_prop_yoyDV.csv,Main Inputs/Prey_E_jDV.csv,Main Inputs/Indigestible_Prey_jDV.csv,Main Inputs/Pred_E_jDV.csv,NA,NA,NA,NA,NA,NA,NA,NA,NA,NA,NA,FB4_Log_File_Test_TeeyoyDV,TRUE,Daily_Output_Tee_yoyDV
108,Tee yoyDV 108,41,Lake trout,0.249795737,p-value,0.365,32,124,1,13560,FALSE,FALSE,FALSE,FALSE,NA,NA,Main Inputs/Temperature_TeedrinJik_average_highpgw.csv,Main Inputs/Diet_prop_yoyDV.csv,Main Inputs/Prey_E_jDV.csv,Main Inputs/Indigestible_Prey_jDV.csv,Main Inputs/Pred_E_jDV.csv,NA,NA,NA,NA,NA,NA,NA,NA,NA,NA,NA,FB4_Log_File_Test_TeeyoyDV,TRUE,Daily_Output_Tee_yoyDV
109,Tee yoyDV 109,41,Lake trout,0.302761338,p-value,0.365,32,124,1,13560,FALSE,FALSE,FALSE,FALSE,NA,NA,Main Inputs/Temperature_TeedrinJik_average_highpgw.csv,Main Inputs/Diet_prop_yoyDV.csv,Main Inputs/Prey_E_jDV.csv,Main Inputs/Indigestible_Prey_jDV.csv,Main Inputs/Pred_E_jDV.csv,NA,NA,NA,NA,NA,NA,NA,NA,NA,NA,NA,FB4_Log_File_Test_TeeyoyDV,TRUE,Daily_Output_Tee_yoyDV
110,Tee yoyDV 110,41,Lake trout,0.331919775,p-value,0.365,32,124,1,13560,FALSE,FALSE,FALSE,FALSE,NA,NA,Main Inputs/Temperature_TeedrinJik_average_highpgw.csv,Main Inputs/Diet_prop_yoyDV.csv,Main Inputs/Prey_E_jDV.csv,Main Inputs/Indigestible_Prey_jDV.csv,Main Inputs/Pred_E_jDV.csv,NA,NA,NA,NA,NA,NA,NA,NA,NA,NA,NA,FB4_Log_File_Test_TeeyoyDV,TRUE,Daily_Output_Tee_yoyDV
111,Tee yoyDV 111,41,Lake trout,0.362945004,p-value,0.365,32,124,1,13560,FALSE,FALSE,FALSE,FALSE,NA,NA,Main Inputs/Temperature_TeedrinJik_average_highpgw.csv,Main Inputs/Diet_prop_yoyDV.csv,Main Inputs/Prey_E_jDV.csv,Main Inputs/Indigestible_Prey_jDV.csv,Main Inputs/Pred_E_jDV.csv,NA,NA,NA,NA,NA,NA,NA,NA,NA,NA,NA,FB4_Log_File_Test_TeeyoyDV,TRUE,Daily_Output_Tee_yoyDV
112,Tee yoyDV 112,41,Lake trout,0.430846787,p-value,0.365,32,124,1,13560,FALSE,FALSE,FALSE,FALSE,NA,NA,Main Inputs/Temperature_TeedrinJik_average_highpgw.csv,Main Inputs/Diet_prop_yoyDV.csv,Main Inputs/Prey_E_jDV.csv,Main Inputs/Indigestible_Prey_jDV.csv,Main Inputs/Pred_E_jDV.csv,NA,NA,NA,NA,NA,NA,NA,NA,NA,NA,NA,FB4_Log_File_Test_TeeyoyDV,TRUE,Daily_Output_Tee_yoyDV
113,Tee yoyDV 113,41,Lake trout,0.467849558,p-value,0.365,32,124,1,13560,FALSE,FALSE,FALSE,FALSE,NA,NA,Main Inputs/Temperature_TeedrinJik_average_highpgw.csv,Main Inputs/Diet_prop_yoyDV.csv,Main Inputs/Prey_E_jDV.csv,Main Inputs/Indigestible_Prey_jDV.csv,Main Inputs/Pred_E_jDV.csv,NA,NA,NA,NA,NA,NA,NA,NA,NA,NA,NA,FB4_Log_File_Test_TeeyoyDV,TRUE,Daily_Output_Tee_yoyDV
114,Tee yoyDV 114,41,Lake trout,0.506971543,p-value,0.365,32,124,1,13560,FALSE,FALSE,FALSE,FALSE,NA,NA,Main Inputs/Temperature_TeedrinJik_average_highpgw.csv,Main Inputs/Diet_prop_yoyDV.csv,Main Inputs/Prey_E_jDV.csv,Main Inputs/Indigestible_Prey_jDV.csv,Main Inputs/Pred_E_jDV.csv,NA,NA,NA,NA,NA,NA,NA,NA,NA,NA,NA,FB4_Log_File_Test_TeeyoyDV,TRUE,Daily_Output_Tee_yoyDV
