NRun,Run_Name,Species_Num,Species_txt,Initial_W,fit.to,fit.to.value,First_day,Last_day,N_indiv,Oxycal,calc.pop_mort,calc.spawn,calc.nut,calc.contaminant,Init_pred_conc,contam_eq,T_File,Diet_File,Prey_E_File,Indigest_Prey_File,Pred_E_File,Mort_File,Reprod_File,Contam_Prey_C_File,Contam_assim_File,Contam_TE_File,Phos_Ae_File,Phos_Co_Pred_File,Phos_Co_Prey_File,Nit_Ae_File,Nit_Co_Pred_File,Nit_Co_Prey_File,FB4_Log_File,Save_Daily_Output,Daily_Output_File
2,Chena yoychin test 2,23,Coho salmon,0.66,Weight,3.69,32,140,1,13560,FALSE,FALSE,FALSE,FALSE,NA,NA,Main Inputs/Temperature_Chena_FWS2013.csv,Main Inputs/Diet_prop_yoychinChenaaverage.csv,Main Inputs/Prey_E_Chenayoychin.csv,Main Inputs/Indigestible_Prey_yoychinChena.csv,Main Inputs/Pred_E.csv,NA,NA,NA,NA,NA,NA,NA,NA,NA,NA,NA,FB4_Log_File_Test_Chenayoychin_cons,TRUE,Daily_Output_Chena_yoychincons
5,Chena yoychin test 5,23,Coho salmon,0.66,Weight,3.69,32,140,1,13560,FALSE,FALSE,FALSE,FALSE,NA,NA,Main Inputs/Temperature_Chena_FWS2016.csv,Main Inputs/Diet_prop_yoychinChenaaverage.csv,Main Inputs/Prey_E_Chenayoychin.csv,Main Inputs/Indigestible_Prey_yoychinChena.csv,Main Inputs/Pred_E.csv,NA,NA,NA,NA,NA,NA,NA,NA,NA,NA,NA,FB4_Log_File_Test_Chenayoychin_cons,TRUE,Daily_Output_Chena_yoychincons
11,Chena yoychin test 11,23,Coho salmon,0.66,Weight,3.69,32,140,1,13560,FALSE,FALSE,FALSE,FALSE,NA,NA,Main Inputs/Temperature_Chena_USGS2014.csv,Main Inputs/Diet_prop_yoychinChenaaverage.csv,Main Inputs/Prey_E_Chenayoychin.csv,Main Inputs/Indigestible_Prey_yoychinChena.csv,Main Inputs/Pred_E.csv,NA,NA,NA,NA,NA,NA,NA,NA,NA,NA,NA,FB4_Log_File_Test_Chenayoychin_cons,TRUE,Daily_Output_Chena_yoychincons
14,Chena yoychin test 14,23,Coho salmon,0.66,Weight,3.69,32,140,1,13560,FALSE,FALSE,FALSE,FALSE,NA,NA,Main Inputs/Temperature_Chena_USGS2015.csv,Main Inputs/Diet_prop_yoychinChenaaverage.csv,Main Inputs/Prey_E_Chenayoychin.csv,Main Inputs/Indigestible_Prey_yoychinChena.csv,Main Inputs/Pred_E.csv,NA,NA,NA,NA,NA,NA,NA,NA,NA,NA,NA,FB4_Log_File_Test_Chenayoychin_cons,TRUE,Daily_Output_Chena_yoychincons
17,Chena yoychin test 17,23,Coho salmon,0.66,Weight,3.69,32,140,1,13560,FALSE,FALSE,FALSE,FALSE,NA,NA,Main Inputs/Temperature_Chena_USGS2017.csv,Main Inputs/Diet_prop_yoychinChenaaverage.csv,Main Inputs/Prey_E_Chenayoychin.csv,Main Inputs/Indigestible_Prey_yoychinChena.csv,Main Inputs/Pred_E.csv,NA,NA,NA,NA,NA,NA,NA,NA,NA,NA,NA,FB4_Log_File_Test_Chenayoychin_cons,TRUE,Daily_Output_Chena_yoychincons
20,Chena yoychin test 20,23,Coho salmon,0.66,Weight,3.69,32,140,1,13560,FALSE,FALSE,FALSE,FALSE,NA,NA,Main Inputs/Temperature_Chena_USGS2018.csv,Main Inputs/Diet_prop_yoychinChenaaverage.csv,Main Inputs/Prey_E_Chenayoychin.csv,Main Inputs/Indigestible_Prey_yoychinChena.csv,Main Inputs/Pred_E.csv,NA,NA,NA,NA,NA,NA,NA,NA,NA,NA,NA,FB4_Log_File_Test_Chenayoychin_cons,TRUE,Daily_Output_Chena_yoychincons
23,Chena yoychin test 23,23,Coho salmon,0.66,Weight,3.69,32,140,1,13560,FALSE,FALSE,FALSE,FALSE,NA,NA,Main Inputs/Temperature_Chena_USGS2019.csv,Main Inputs/Diet_prop_yoychinChenaaverage.csv,Main Inputs/Prey_E_Chenayoychin.csv,Main Inputs/Indigestible_Prey_yoychinChena.csv,Main Inputs/Pred_E.csv,NA,NA,NA,NA,NA,NA,NA,NA,NA,NA,NA,FB4_Log_File_Test_Chenayoychin_cons,TRUE,Daily_Output_Chena_yoychincons
26,Chena yoychin test 26,23,Coho salmon,0.66,Weight,3.69,32,140,1,13560,FALSE,FALSE,FALSE,FALSE,NA,NA,Main Inputs/Temperature_Chena_USGS2020.csv,Main Inputs/Diet_prop_yoychinChenaaverage.csv,Main Inputs/Prey_E_Chenayoychin.csv,Main Inputs/Indigestible_Prey_yoychinChena.csv,Main Inputs/Pred_E.csv,NA,NA,NA,NA,NA,NA,NA,NA,NA,NA,NA,FB4_Log_File_Test_Chenayoychin_cons,TRUE,Daily_Output_Chena_yoychincons
29,Chena yoychin test 29,23,Coho salmon,0.66,Weight,3.69,32,140,1,13560,FALSE,FALSE,FALSE,FALSE,NA,NA,Main Inputs/Temperature_Chena_USGS2021.csv,Main Inputs/Diet_prop_yoychinChenaaverage.csv,Main Inputs/Prey_E_Chenayoychin.csv,Main Inputs/Indigestible_Prey_yoychinChena.csv,Main Inputs/Pred_E.csv,NA,NA,NA,NA,NA,NA,NA,NA,NA,NA,NA,FB4_Log_File_Test_Chenayoychin_cons,TRUE,Daily_Output_Chena_yoychincons
