NRun,Run_Name,Species_Num,Species_txt,Initial_W,fit.to,fit.to.value,First_day,Last_day,N_indiv,Oxycal,calc.pop_mort,calc.spawn,calc.nut,calc.contaminant,Init_pred_conc,contam_eq,T_File,Diet_File,Prey_E_File,Indigest_Prey_File,Pred_E_File,Mort_File,Reprod_File,Contam_Prey_C_File,Contam_assim_File,Contam_TE_File,Phos_Ae_File,Phos_Co_Pred_File,Phos_Co_Prey_File,Nit_Ae_File,Nit_Co_Pred_File,Nit_Co_Prey_File,FB4_Log_File,Save_Daily_Output,Daily_Output_File
1,Andreafsky yoychin test 1,23,Coho salmon,0.66,Weight,3.69,32,140,1,13560,FALSE,FALSE,FALSE,FALSE,NA,NA,Main Inputs/Temperature_FWSAndreafsky2010.csv,Main Inputs/Diet_prop_yoychinChenaaverage.csv,Main Inputs/Prey_E_Chenayoychin.csv,Main Inputs/Indigestible_Prey_yoychinChena.csv,Main Inputs/Pred_E.csv,NA,NA,NA,NA,NA,NA,NA,NA,NA,NA,NA,FB4_Log_File_Test_Andreafskyyoychin_testChena,TRUE,Daily_Output_Andreafsky_yoychincons_test Chena
2,Andreafsky yoychin test 2,23,Coho salmon,0.66,Weight,3.69,32,140,1,13560,FALSE,FALSE,FALSE,FALSE,NA,NA,Main Inputs/Temperature_FWSAndreafsky2013.csv,Main Inputs/Diet_prop_yoychinChenaaverage.csv,Main Inputs/Prey_E_Chenayoychin.csv,Main Inputs/Indigestible_Prey_yoychinChena.csv,Main Inputs/Pred_E.csv,NA,NA,NA,NA,NA,NA,NA,NA,NA,NA,NA,FB4_Log_File_Test_Andreafskyyoychin_testChena,TRUE,Daily_Output_Andreafsky_yoychincons_test Chena
3,Andreafsky yoychin test 3,23,Coho salmon,0.66,Weight,3.69,32,140,1,13560,FALSE,FALSE,FALSE,FALSE,NA,NA,Main Inputs/Temperature_FWSAndreafsky2014.csv,Main Inputs/Diet_prop_yoychinChenaaverage.csv,Main Inputs/Prey_E_Chenayoychin.csv,Main Inputs/Indigestible_Prey_yoychinChena.csv,Main Inputs/Pred_E.csv,NA,NA,NA,NA,NA,NA,NA,NA,NA,NA,NA,FB4_Log_File_Test_Andreafskyyoychin_testChena,TRUE,Daily_Output_Andreafsky_yoychincons_test Chena
4,Andreafsky yoychin test 4,23,Coho salmon,0.66,Weight,3.69,32,140,1,13560,FALSE,FALSE,FALSE,FALSE,NA,NA,Main Inputs/Temperature_FWSAndreafsky2015.csv,Main Inputs/Diet_prop_yoychinChenaaverage.csv,Main Inputs/Prey_E_Chenayoychin.csv,Main Inputs/Indigestible_Prey_yoychinChena.csv,Main Inputs/Pred_E.csv,NA,NA,NA,NA,NA,NA,NA,NA,NA,NA,NA,FB4_Log_File_Test_Andreafskyyoychin_testChena,TRUE,Daily_Output_Andreafsky_yoychincons_test Chena
5,Andreafsky yoychin test 5,23,Coho salmon,0.66,Weight,3.69,32,140,1,13560,FALSE,FALSE,FALSE,FALSE,NA,NA,Main Inputs/Temperature_FWSAndreafsky2016.csv,Main Inputs/Diet_prop_yoychinChenaaverage.csv,Main Inputs/Prey_E_Chenayoychin.csv,Main Inputs/Indigestible_Prey_yoychinChena.csv,Main Inputs/Pred_E.csv,NA,NA,NA,NA,NA,NA,NA,NA,NA,NA,NA,FB4_Log_File_Test_Andreafskyyoychin_testChena,TRUE,Daily_Output_Andreafsky_yoychincons_test Chena
6,Andreafsky yoychin test 6,23,Coho salmon,0.66,Weight,3.69,32,140,1,13560,FALSE,FALSE,FALSE,FALSE,NA,NA,Main Inputs/Temperature_FWSAndreafsky2010.csv,Main Inputs/Diet_prop_yoychinChenaaverage.csv,Main Inputs/Prey_E_Chenayoychin.csv,Main Inputs/Indigestible_Prey_yoychinChena.csv,Main Inputs/Pred_E.csv,NA,NA,NA,NA,NA,NA,NA,NA,NA,NA,NA,FB4_Log_File_Test_Andreafskyyoychin_testChena,TRUE,Daily_Output_Andreafsky_yoychincons_test Chena
7,Andreafsky yoychin test 7,23,Coho salmon,0.66,Weight,3.69,32,140,1,13560,FALSE,FALSE,FALSE,FALSE,NA,NA,Main Inputs/Temperature_FWSAndreafsky2013.csv,Main Inputs/Diet_prop_yoychinChenaaverage.csv,Main Inputs/Prey_E_Chenayoychin.csv,Main Inputs/Indigestible_Prey_yoychinChena.csv,Main Inputs/Pred_E.csv,NA,NA,NA,NA,NA,NA,NA,NA,NA,NA,NA,FB4_Log_File_Test_Andreafskyyoychin_testChena,TRUE,Daily_Output_Andreafsky_yoychincons_test Chena
8,Andreafsky yoychin test 8,23,Coho salmon,0.66,Weight,3.69,32,140,1,13560,FALSE,FALSE,FALSE,FALSE,NA,NA,Main Inputs/Temperature_FWSAndreafsky2014.csv,Main Inputs/Diet_prop_yoychinChenaaverage.csv,Main Inputs/Prey_E_Chenayoychin.csv,Main Inputs/Indigestible_Prey_yoychinChena.csv,Main Inputs/Pred_E.csv,NA,NA,NA,NA,NA,NA,NA,NA,NA,NA,NA,FB4_Log_File_Test_Andreafskyyoychin_testChena,TRUE,Daily_Output_Andreafsky_yoychincons_test Chena
9,Andreafsky yoychin test 9,23,Coho salmon,0.66,Weight,3.69,32,140,1,13560,FALSE,FALSE,FALSE,FALSE,NA,NA,Main Inputs/Temperature_FWSAndreafsky2015.csv,Main Inputs/Diet_prop_yoychinChenaaverage.csv,Main Inputs/Prey_E_Chenayoychin.csv,Main Inputs/Indigestible_Prey_yoychinChena.csv,Main Inputs/Pred_E.csv,NA,NA,NA,NA,NA,NA,NA,NA,NA,NA,NA,FB4_Log_File_Test_Andreafskyyoychin_testChena,TRUE,Daily_Output_Andreafsky_yoychincons_test Chena
10,Andreafsky yoychin test 10,23,Coho salmon,0.66,Weight,3.69,32,140,1,13560,FALSE,FALSE,FALSE,FALSE,NA,NA,Main Inputs/Temperature_FWSAndreafsky2016.csv,Main Inputs/Diet_prop_yoychinChenaaverage.csv,Main Inputs/Prey_E_Chenayoychin.csv,Main Inputs/Indigestible_Prey_yoychinChena.csv,Main Inputs/Pred_E.csv,NA,NA,NA,NA,NA,NA,NA,NA,NA,NA,NA,FB4_Log_File_Test_Andreafskyyoychin_testChena,TRUE,Daily_Output_Andreafsky_yoychincons_test Chena
